family_id,venue,family_source,family_title,contract_count,anchor_type_auto,family_type_reason,validated_contract_count,all_contracts_auto_validated,scheduled_time_count,scheduled_time_examples,example_titles,recommended_review_status,review_status,manual_anchor_type,manual_anchor_time,review_note
kalshi_event::KXATP-26HALLE,kalshi,structured_event_metadata,Will Ethan Quinn win the ATP Halle?,2,unclear,all contracts agree,0,0,1,2026-06-18T14:00:37+00:00,Will Ethan Quinn win the ATP Halle? || Will Fabian Marozsan win the ATP Halle?,manual_review,,,,
kalshi_event::KXATP-26LONDON,kalshi,structured_event_metadata,Will Botic Van de Zandschulp win the ATP London?,2,unclear,all contracts agree,0,0,2,2026-06-18T14:00:36+00:00 || 2026-06-18T14:50:28+00:00,Will Botic Van de Zandschulp win the ATP London? || Will Corentin Moutet win the ATP London?,manual_review,,,,
kalshi_event::KXATPCHALLENGERMATCH-26JUN18ALCSAN,kalshi,structured_event_metadata,Will Carlos Sanchez Jover win the Alcala Gurri vs Sanchez Jover: Quarterfinal match?,2,scheduled_absolute,all contracts agree,0,0,1,2026-06-18T16:10:39+00:00,Will Carlos Sanchez Jover win the Alcala Gurri vs Sanchez Jover: Quarterfinal match? || Will Max Alcala Gurri win the Alcala Gurri vs Sanchez Jover: Quarterfinal match?,manual_review,,,,
kalshi_event::KXATPCHALLENGERMATCH-26JUN18BUESVR,kalshi,structured_event_metadata,Will Dalibor Svrcina win the Bueno vs Svrcina: Quarterfinal match?,2,scheduled_absolute,all contracts agree,0,0,1,2026-06-18T14:55:13+00:00,Will Dalibor Svrcina win the Bueno vs Svrcina: Quarterfinal match? || Will Gonzalo Bueno win the Bueno vs Svrcina: Quarterfinal match?,manual_review,,,,
kalshi_event::KXATPCHALLENGERMATCH-26JUN18CAMRAT,kalshi,structured_event_metadata,Will Lucio Ratti win the Campana Lee vs Ratti: Quarterfinal match?,2,scheduled_absolute,all contracts agree,0,0,1,2026-06-18T14:00:55+00:00,Will Lucio Ratti win the Campana Lee vs Ratti: Quarterfinal match? || Will Gerard Campana Lee win the Campana Lee vs Ratti: Quarterfinal match?,manual_review,,,,
kalshi_event::KXATPCHALLENGERMATCH-26JUN18DJETSE,kalshi,structured_event_metadata,Will Chun Hsin Tseng win the Djere vs Tseng: Quarterfinal match?,2,scheduled_absolute,all contracts agree,0,0,1,2026-06-18T15:20:16+00:00,Will Chun Hsin Tseng win the Djere vs Tseng: Quarterfinal match? || Will Laslo Djere win the Djere vs Tseng: Quarterfinal match?,manual_review,,,,
kalshi_event::KXATPCHALLENGERMATCH-26JUN18FELRAQ,kalshi,structured_event_metadata,Will Leo Raquillet win the Feldbausch vs Raquillet: Quarterfinal match?,2,scheduled_absolute,all contracts agree,0,0,1,2026-06-18T15:40:15+00:00,Will Leo Raquillet win the Feldbausch vs Raquillet: Quarterfinal match? || Will Kilian Feldbausch win the Feldbausch vs Raquillet: Quarterfinal match?,manual_review,,,,
kalshi_event::KXATPCHALLENGERMATCH-26JUN18MOCBER,kalshi,structured_event_metadata,Will Shintaro Mochizuki win the Mochizuki vs Bertola: Quarterfinal match?,2,scheduled_absolute,all contracts agree,0,0,1,2026-06-18T14:25:17+00:00,Will Shintaro Mochizuki win the Mochizuki vs Bertola: Quarterfinal match? || Will Remy Bertola win the Mochizuki vs Bertola: Quarterfinal match?,manual_review,,,,
kalshi_event::KXATPCHALLENGERMATCH-26JUN18OCOBON,kalshi,structured_event_metadata,Will Christopher O'Connell win the O'Connell vs Bonzi: Quarterfinal match?,2,scheduled_absolute,all contracts agree,0,0,1,2026-06-18T16:01:34+00:00,Will Christopher O'Connell win the O'Connell vs Bonzi: Quarterfinal match? || Will Benjamin Bonzi win the O'Connell vs Bonzi: Quarterfinal match?,manual_review,,,,
kalshi_event::KXATPCHALLENGERMATCH-26JUN18RODZHO,kalshi,structured_event_metadata,Will Yi Zhou win the Rodionov vs Zhou: Quarterfinal match?,2,scheduled_absolute,all contracts agree,0,0,1,2026-06-18T14:30:57+00:00,Will Yi Zhou win the Rodionov vs Zhou: Quarterfinal match? || Will Jurij Rodionov win the Rodionov vs Zhou: Quarterfinal match?,manual_review,,,,
kalshi_event::KXATPEXACTMATCH-26JUN17PAUVAN,kalshi,structured_event_metadata,Will Botic Van de Zandschulp win the Tommy Paul vs Botic Van de Zandschulp match by a set score of 2-1?,4,scheduled_absolute,all contracts agree,0,0,1,2026-06-18T14:25:44+00:00,Will Botic Van de Zandschulp win the Tommy Paul vs Botic Van de Zandschulp match by a set score of 2-1? || Will Botic Van de Zandschulp win the Tommy Paul vs Botic Van de Zandschulp match by a set score of 2-0? || Will Tommy Paul win the Tommy Paul vs Botic Van de Zandschulp match by a set score of 2-1? || Will Tommy Paul win the Tommy Paul vs Botic Van de Zandschulp match by a set score of 2-0?,manual_review,,,,
kalshi_event::KXATPEXACTMATCH-26JUN18ZVEHAN,kalshi,structured_event_metadata,Will Alexander Zverev win the Alexander Zverev vs Yannick Hanfmann match by a set score of 2-1?,4,scheduled_absolute,all contracts agree,0,0,1,2026-06-18T15:15:47+00:00,Will Alexander Zverev win the Alexander Zverev vs Yannick Hanfmann match by a set score of 2-1? || Will Alexander Zverev win the Alexander Zverev vs Yannick Hanfmann match by a set score of 2-0? || Will Yannick Hanfmann win the Alexander Zverev vs Yannick Hanfmann match by a set score of 2-1? || Will Yannick Hanfmann win the Alexander Zverev vs Yannick Hanfmann match by a set score of 2-0?,manual_review,,,,
kalshi_event::KXATPGSPREAD-26JUN17PAUVAN,kalshi,structured_event_metadata,Will Botic Van de Zandschulp win at least 1.5 more games than Tommy Paul?,3,unclear,all contracts agree,0,0,1,2026-06-18T14:25:50+00:00,Will Botic Van de Zandschulp win at least 1.5 more games than Tommy Paul? || Will Tommy Paul win at least 3.5 more games than Botic Van de Zandschulp? || Will Tommy Paul win at least 6.5 more games than Botic Van de Zandschulp?,manual_review,,,,
kalshi_event::KXATPGSPREAD-26JUN18ZVEHAN,kalshi,structured_event_metadata,Will Alexander Zverev win at least 1.5 more games than Yannick Hanfmann?,3,unclear,all contracts agree,0,0,2,2026-06-18T15:15:51+00:00 || 2026-06-18T15:15:52+00:00,Will Alexander Zverev win at least 1.5 more games than Yannick Hanfmann? || Will Alexander Zverev win at least 4.5 more games than Yannick Hanfmann? || Will Alexander Zverev win at least 7.5 more games than Yannick Hanfmann?,manual_review,,,,
kalshi_event::KXATPGTOTAL-26JUN17PAUVAN,kalshi,structured_event_metadata,Tommy Paul vs Botic Van de Zandschulp: Total Games,3,unclear,all contracts agree,0,0,1,2026-06-18T14:25:47+00:00,Tommy Paul vs Botic Van de Zandschulp: Total Games || Tommy Paul vs Botic Van de Zandschulp: Total Games || Tommy Paul vs Botic Van de Zandschulp: Total Games,manual_review,,,,
kalshi_event::KXATPGTOTAL-26JUN18ZVEHAN,kalshi,structured_event_metadata,Alexander Zverev vs Yannick Hanfmann: Total Games,3,unclear,all contracts agree,0,0,1,2026-06-18T15:15:49+00:00,Alexander Zverev vs Yannick Hanfmann: Total Games || Alexander Zverev vs Yannick Hanfmann: Total Games || Alexander Zverev vs Yannick Hanfmann: Total Games,manual_review,,,,
kalshi_event::KXATPMATCH-26JUN17PAUVAN,kalshi,structured_event_metadata,Will Botic Van de Zandschulp win the Paul vs Van de Zandschulp: Round Of 16 match?,2,scheduled_absolute,all contracts agree,0,0,1,2026-06-18T14:25:08+00:00,Will Botic Van de Zandschulp win the Paul vs Van de Zandschulp: Round Of 16 match? || Will Tommy Paul win the Paul vs Van de Zandschulp: Round Of 16 match?,manual_review,,,,
kalshi_event::KXATPMATCH-26JUN18ZVEHAN,kalshi,structured_event_metadata,Will Alexander Zverev win the Zverev vs Hanfmann: Round Of 16 match?,2,scheduled_absolute,all contracts agree,0,0,1,2026-06-18T15:15:01+00:00,Will Alexander Zverev win the Zverev vs Hanfmann: Round Of 16 match? || Will Yannick Hanfmann win the Zverev vs Hanfmann: Round Of 16 match?,manual_review,,,,
kalshi_event::KXATPSETWINNER-26JUN17PAUVAN-2,kalshi,structured_event_metadata,Will Botic Van de Zandschulp win set 2 in the Tommy Paul vs Botic Van de Zandschulp match,2,scheduled_absolute,all contracts agree,0,0,1,2026-06-18T14:25:38+00:00,Will Botic Van de Zandschulp win set 2 in the Tommy Paul vs Botic Van de Zandschulp match || Will Tommy Paul win set 2 in the Tommy Paul vs Botic Van de Zandschulp match,manual_review,,,,
kalshi_event::KXATPSETWINNER-26JUN18ZVEHAN-1,kalshi,structured_event_metadata,Will Alexander Zverev win set 1 in the Alexander Zverev vs Yannick Hanfmann match,2,scheduled_absolute,all contracts agree,0,0,1,2026-06-18T14:25:38+00:00,Will Alexander Zverev win set 1 in the Alexander Zverev vs Yannick Hanfmann match || Will Yannick Hanfmann win set 1 in the Alexander Zverev vs Yannick Hanfmann match,manual_review,,,,
kalshi_event::KXATPSETWINNER-26JUN18ZVEHAN-2,kalshi,structured_event_metadata,Will Alexander Zverev win set 2 in the Alexander Zverev vs Yannick Hanfmann match,2,scheduled_absolute,all contracts agree,0,0,1,2026-06-18T15:15:41+00:00,Will Alexander Zverev win set 2 in the Alexander Zverev vs Yannick Hanfmann match || Will Yannick Hanfmann win set 2 in the Alexander Zverev vs Yannick Hanfmann match,manual_review,,,,
kalshi_event::KXBNB-26JUN1810,kalshi,structured_event_metadata,"BNB price on Jun 18, 2026?",75,scheduled_absolute,all contracts agree,75,1,1,2026-06-18T14:00:00+00:00,"BNB price on Jun 18, 2026? || BNB price on Jun 18, 2026? || BNB price on Jun 18, 2026? || BNB price on Jun 18, 2026? || BNB price on Jun 18, 2026?",auto_accept,,,,
kalshi_event::KXBNB-26JUN1811,kalshi,structured_event_metadata,"BNB price on Jun 18, 2026?",75,scheduled_absolute,all contracts agree,75,1,1,2026-06-18T15:00:00+00:00,"BNB price on Jun 18, 2026? || BNB price on Jun 18, 2026? || BNB price on Jun 18, 2026? || BNB price on Jun 18, 2026? || BNB price on Jun 18, 2026?",auto_accept,,,,
kalshi_event::KXBNB-26JUN1812,kalshi,structured_event_metadata,"BNB price on Jun 18, 2026?",75,scheduled_absolute,all contracts agree,75,1,1,2026-06-18T16:00:00+00:00,"BNB price on Jun 18, 2026? || BNB price on Jun 18, 2026? || BNB price on Jun 18, 2026? || BNB price on Jun 18, 2026? || BNB price on Jun 18, 2026?",auto_accept,,,,
kalshi_event::KXBNB15M-26JUN181015,kalshi,structured_event_metadata,BNB price up in next 15 mins?,1,unclear,all contracts agree,0,0,1,2026-06-18T14:15:00+00:00,BNB price up in next 15 mins?,manual_review,,,,
kalshi_event::KXBNB15M-26JUN181030,kalshi,structured_event_metadata,BNB price up in next 15 mins?,1,unclear,all contracts agree,0,0,1,2026-06-18T14:30:00+00:00,BNB price up in next 15 mins?,manual_review,,,,
kalshi_event::KXBNB15M-26JUN181045,kalshi,structured_event_metadata,BNB price up in next 15 mins?,1,unclear,all contracts agree,0,0,1,2026-06-18T14:45:00+00:00,BNB price up in next 15 mins?,manual_review,,,,
kalshi_event::KXBNB15M-26JUN181100,kalshi,structured_event_metadata,BNB price up in next 15 mins?,1,unclear,all contracts agree,0,0,1,2026-06-18T15:00:00+00:00,BNB price up in next 15 mins?,manual_review,,,,
kalshi_event::KXBNB15M-26JUN181115,kalshi,structured_event_metadata,BNB price up in next 15 mins?,1,unclear,all contracts agree,0,0,1,2026-06-18T15:15:00+00:00,BNB price up in next 15 mins?,manual_review,,,,
kalshi_event::KXBNB15M-26JUN181130,kalshi,structured_event_metadata,BNB price up in next 15 mins?,1,unclear,all contracts agree,0,0,1,2026-06-18T15:30:00+00:00,BNB price up in next 15 mins?,manual_review,,,,
kalshi_event::KXBNB15M-26JUN181145,kalshi,structured_event_metadata,BNB price up in next 15 mins?,1,unclear,all contracts agree,0,0,1,2026-06-18T15:45:00+00:00,BNB price up in next 15 mins?,manual_review,,,,
kalshi_event::KXBNB15M-26JUN181200,kalshi,structured_event_metadata,BNB price up in next 15 mins?,1,unclear,all contracts agree,0,0,1,2026-06-18T16:00:00+00:00,BNB price up in next 15 mins?,manual_review,,,,
kalshi_event::KXBNB15M-26JUN181215,kalshi,structured_event_metadata,BNB price up in next 15 mins?,1,unclear,all contracts agree,0,0,1,2026-06-18T16:15:00+00:00,BNB price up in next 15 mins?,manual_review,,,,
kalshi_event::KXBNBD-26JUN1810,kalshi,structured_event_metadata,"BNB price on Jun 18, 2026?",75,scheduled_absolute,all contracts agree,75,1,1,2026-06-18T14:00:00+00:00,"BNB price on Jun 18, 2026? || BNB price on Jun 18, 2026? || BNB price on Jun 18, 2026? || BNB price on Jun 18, 2026? || BNB price on Jun 18, 2026?",auto_accept,,,,
kalshi_event::KXBNBD-26JUN1811,kalshi,structured_event_metadata,"BNB price on Jun 18, 2026?",75,scheduled_absolute,all contracts agree,75,1,1,2026-06-18T15:00:00+00:00,"BNB price on Jun 18, 2026? || BNB price on Jun 18, 2026? || BNB price on Jun 18, 2026? || BNB price on Jun 18, 2026? || BNB price on Jun 18, 2026?",auto_accept,,,,
kalshi_event::KXBNBD-26JUN1812,kalshi,structured_event_metadata,"BNB price on Jun 18, 2026?",75,scheduled_absolute,all contracts agree,75,1,1,2026-06-18T16:00:00+00:00,"BNB price on Jun 18, 2026? || BNB price on Jun 18, 2026? || BNB price on Jun 18, 2026? || BNB price on Jun 18, 2026? || BNB price on Jun 18, 2026?",auto_accept,,,,
kalshi_event::KXBTC-26JUN1810,kalshi,structured_event_metadata,"Bitcoin price range on Jun 18, 2026?",102,scheduled_absolute,all contracts agree,102,1,1,2026-06-18T14:00:00+00:00,"Bitcoin price range on Jun 18, 2026? || Bitcoin price range on Jun 18, 2026? || Bitcoin price range on Jun 18, 2026? || Bitcoin price range on Jun 18, 2026? || Bitcoin price range on Jun 18, 2026?",auto_accept,,,,
kalshi_event::KXBTC-26JUN1811,kalshi,structured_event_metadata,"Bitcoin price range on Jun 18, 2026?",188,scheduled_absolute,all contracts agree,188,1,1,2026-06-18T15:00:00+00:00,"Bitcoin price range on Jun 18, 2026? || Bitcoin price range on Jun 18, 2026? || Bitcoin price range on Jun 18, 2026? || Bitcoin price range on Jun 18, 2026? || Bitcoin price range on Jun 18, 2026?",auto_accept,,,,
kalshi_event::KXBTC-26JUN1812,kalshi,structured_event_metadata,"Bitcoin price range on Jun 18, 2026?",188,scheduled_absolute,all contracts agree,188,1,1,2026-06-18T16:00:00+00:00,"Bitcoin price range on Jun 18, 2026? || Bitcoin price range on Jun 18, 2026? || Bitcoin price range on Jun 18, 2026? || Bitcoin price range on Jun 18, 2026? || Bitcoin price range on Jun 18, 2026?",auto_accept,,,,
kalshi_event::KXBTC15M-26JUN181015,kalshi,structured_event_metadata,BTC price up in next 15 mins?,1,unclear,all contracts agree,0,0,1,2026-06-18T14:15:00+00:00,BTC price up in next 15 mins?,manual_review,,,,
kalshi_event::KXBTC15M-26JUN181030,kalshi,structured_event_metadata,BTC price up in next 15 mins?,1,unclear,all contracts agree,0,0,1,2026-06-18T14:30:00+00:00,BTC price up in next 15 mins?,manual_review,,,,
kalshi_event::KXBTC15M-26JUN181045,kalshi,structured_event_metadata,BTC price up in next 15 mins?,1,unclear,all contracts agree,0,0,1,2026-06-18T14:45:00+00:00,BTC price up in next 15 mins?,manual_review,,,,
kalshi_event::KXBTC15M-26JUN181100,kalshi,structured_event_metadata,BTC price up in next 15 mins?,1,unclear,all contracts agree,0,0,1,2026-06-18T15:00:00+00:00,BTC price up in next 15 mins?,manual_review,,,,
kalshi_event::KXBTC15M-26JUN181115,kalshi,structured_event_metadata,BTC price up in next 15 mins?,1,unclear,all contracts agree,0,0,1,2026-06-18T15:15:00+00:00,BTC price up in next 15 mins?,manual_review,,,,
kalshi_event::KXBTC15M-26JUN181130,kalshi,structured_event_metadata,BTC price up in next 15 mins?,1,unclear,all contracts agree,0,0,1,2026-06-18T15:30:00+00:00,BTC price up in next 15 mins?,manual_review,,,,
kalshi_event::KXBTC15M-26JUN181145,kalshi,structured_event_metadata,BTC price up in next 15 mins?,1,unclear,all contracts agree,0,0,1,2026-06-18T15:45:00+00:00,BTC price up in next 15 mins?,manual_review,,,,
kalshi_event::KXBTC15M-26JUN181200,kalshi,structured_event_metadata,BTC price up in next 15 mins?,1,unclear,all contracts agree,0,0,1,2026-06-18T16:00:00+00:00,BTC price up in next 15 mins?,manual_review,,,,
kalshi_event::KXBTC15M-26JUN181215,kalshi,structured_event_metadata,BTC price up in next 15 mins?,1,unclear,all contracts agree,0,0,1,2026-06-18T16:15:00+00:00,BTC price up in next 15 mins?,manual_review,,,,
kalshi_event::KXBTCD-26JUN1811,kalshi,structured_event_metadata,"Bitcoin price on Jun 18, 2026?",188,scheduled_absolute,all contracts agree,188,1,1,2026-06-18T15:00:00+00:00,"Bitcoin price on Jun 18, 2026? || Bitcoin price on Jun 18, 2026? || Bitcoin price on Jun 18, 2026? || Bitcoin price on Jun 18, 2026? || Bitcoin price on Jun 18, 2026?",auto_accept,,,,
kalshi_event::KXBTCD-26JUN1812,kalshi,structured_event_metadata,"Bitcoin price on Jun 18, 2026?",188,scheduled_absolute,all contracts agree,188,1,1,2026-06-18T16:00:00+00:00,"Bitcoin price on Jun 18, 2026? || Bitcoin price on Jun 18, 2026? || Bitcoin price on Jun 18, 2026? || Bitcoin price on Jun 18, 2026? || Bitcoin price on Jun 18, 2026?",auto_accept,,,,
kalshi_event::KXCS2GAME-26JUN180630EXMANAPSNA,kalshi,structured_event_metadata,Will Passion Academy win the ex-MANA eSports vs. Passion Academy CS2 match?,2,scheduled_absolute,all contracts agree,0,0,1,2026-06-18T14:00:00+00:00,Will Passion Academy win the ex-MANA eSports vs. Passion Academy CS2 match? || Will ex-MANA eSports win the ex-MANA eSports vs. Passion Academy CS2 match?,manual_review,,,,
kalshi_event::KXCS2GAME-26JUN180800PHAJJH,kalshi,structured_event_metadata,Will Phantom win the Phantom vs. JiJieHao CS2 match?,2,scheduled_absolute,all contracts agree,0,0,1,2026-06-18T14:29:58+00:00,Will Phantom win the Phantom vs. JiJieHao CS2 match? || Will JiJieHao win the Phantom vs. JiJieHao CS2 match?,manual_review,,,,
kalshi_event::KXCS2GAME-26JUN180945BETAUR,kalshi,structured_event_metadata,Will BetBoom win the BetBoom vs. Aurora Gaming CS2 match?,2,scheduled_absolute,all contracts agree,0,0,1,2026-06-18T15:40:08+00:00,Will BetBoom win the BetBoom vs. Aurora Gaming CS2 match? || Will Aurora Gaming win the BetBoom vs. Aurora Gaming CS2 match?,manual_review,,,,
kalshi_event::KXCS2GAME-26JUN181000G1HOTU,kalshi,structured_event_metadata,Will HOTU win the GenOne vs. HOTU CS2 match?,2,scheduled_absolute,all contracts agree,0,0,1,2026-06-18T15:40:08+00:00,Will HOTU win the GenOne vs. HOTU CS2 match? || Will GenOne win the GenOne vs. HOTU CS2 match?,manual_review,,,,
kalshi_event::KXCS2MAP-26JUN180800PHAJJH-2,kalshi,structured_event_metadata,Will Phantom win map 2 in the Phantom vs. JiJieHao match?,2,scheduled_absolute,all contracts agree,0,0,1,2026-06-18T14:15:19+00:00,Will Phantom win map 2 in the Phantom vs. JiJieHao match? || Will JiJieHao win map 2 in the Phantom vs. JiJieHao match?,manual_review,,,,
kalshi_event::KXCS2MAP-26JUN180900INFOXUJI-1,kalshi,structured_event_metadata,Will Oxuji Esports win map 1 in the Infinite vs. Oxuji Esports match?,2,scheduled_absolute,all contracts agree,0,0,1,2026-06-18T14:15:18+00:00,Will Oxuji Esports win map 1 in the Infinite vs. Oxuji Esports match? || Will Infinite win map 1 in the Infinite vs. Oxuji Esports match?,manual_review,,,,
kalshi_event::KXCS2MAP-26JUN180900INFOXUJI-2,kalshi,structured_event_metadata,Will Oxuji Esports win map 2 in the Infinite vs. Oxuji Esports match?,2,scheduled_absolute,all contracts agree,0,0,1,2026-06-18T15:15:12+00:00,Will Oxuji Esports win map 2 in the Infinite vs. Oxuji Esports match? || Will Infinite win map 2 in the Infinite vs. Oxuji Esports match?,manual_review,,,,
kalshi_event::KXCS2MAP-26JUN180945BETAUR-1,kalshi,structured_event_metadata,Will BetBoom win map 1 in the BetBoom vs. Aurora Gaming match?,2,scheduled_absolute,all contracts agree,0,0,1,2026-06-18T14:30:32+00:00,Will BetBoom win map 1 in the BetBoom vs. Aurora Gaming match? || Will Aurora Gaming win map 1 in the BetBoom vs. Aurora Gaming match?,manual_review,,,,
kalshi_event::KXCS2MAP-26JUN180945BETAUR-2,kalshi,structured_event_metadata,Will BetBoom win map 2 in the BetBoom vs. Aurora Gaming match?,2,scheduled_absolute,all contracts agree,0,0,1,2026-06-18T15:40:21+00:00,Will BetBoom win map 2 in the BetBoom vs. Aurora Gaming match? || Will Aurora Gaming win map 2 in the BetBoom vs. Aurora Gaming match?,manual_review,,,,
kalshi_event::KXCS2MAP-26JUN181000G1HOTU-1,kalshi,structured_event_metadata,Will HOTU win map 1 in the GenOne vs. HOTU match?,2,scheduled_absolute,all contracts agree,0,0,1,2026-06-18T14:45:04+00:00,Will HOTU win map 1 in the GenOne vs. HOTU match? || Will GenOne win map 1 in the GenOne vs. HOTU match?,manual_review,,,,
kalshi_event::KXCS2MAP-26JUN181000G1HOTU-2,kalshi,structured_event_metadata,Will HOTU win map 2 in the GenOne vs. HOTU match?,2,scheduled_absolute,all contracts agree,0,0,1,2026-06-18T15:40:20+00:00,Will HOTU win map 2 in the GenOne vs. HOTU match? || Will GenOne win map 2 in the GenOne vs. HOTU match?,manual_review,,,,
kalshi_event::KXCS2MAP-26JUN181100KOLECH-1,kalshi,structured_event_metadata,Will KOLESIE win map 1 in the KOLESIE vs. ECHO match?,2,scheduled_absolute,all contracts agree,0,0,1,2026-06-18T15:35:27+00:00,Will KOLESIE win map 1 in the KOLESIE vs. ECHO match? || Will ECHO win map 1 in the KOLESIE vs. ECHO match?,manual_review,,,,
kalshi_event::KXCS2TOTALMAPS-26JUN180630EXMANAPSNA,kalshi,structured_event_metadata,Will over 2.5 maps be played in the ex-MANA eSports vs. Passion Academy CS2 match?,1,scheduled_absolute,all contracts agree,0,0,1,2026-06-18T14:00:05+00:00,Will over 2.5 maps be played in the ex-MANA eSports vs. Passion Academy CS2 match?,manual_review,,,,
kalshi_event::KXCS2TOTALMAPS-26JUN180800PHAJJH,kalshi,structured_event_metadata,Will over 2.5 maps be played in the Phantom vs. JiJieHao CS2 match?,1,scheduled_absolute,all contracts agree,0,0,1,2026-06-18T14:24:40+00:00,Will over 2.5 maps be played in the Phantom vs. JiJieHao CS2 match?,manual_review,,,,
kalshi_event::KXCS2TOTALMAPS-26JUN180945BETAUR,kalshi,structured_event_metadata,Will over 2.5 maps be played in the BetBoom vs. Aurora Gaming CS2 match?,1,scheduled_absolute,all contracts agree,0,0,1,2026-06-18T15:44:49+00:00,Will over 2.5 maps be played in the BetBoom vs. Aurora Gaming CS2 match?,manual_review,,,,
kalshi_event::KXCS2TOTALMAPS-26JUN181000G1HOTU,kalshi,structured_event_metadata,Will over 2.5 maps be played in the GenOne vs. HOTU CS2 match?,1,scheduled_absolute,all contracts agree,0,0,1,2026-06-18T15:44:49+00:00,Will over 2.5 maps be played in the GenOne vs. HOTU CS2 match?,manual_review,,,,
kalshi_event::KXDOGE-26JUN1810,kalshi,structured_event_metadata,"Dogecoin price range on Jun 18, 2026?",53,scheduled_absolute,all contracts agree,53,1,1,2026-06-18T14:00:00+00:00,"Dogecoin price range on Jun 18, 2026? || Dogecoin price range on Jun 18, 2026? || Dogecoin price range on Jun 18, 2026? || Dogecoin price range on Jun 18, 2026? || Dogecoin price range on Jun 18, 2026?",auto_accept,,,,
kalshi_event::KXDOGE-26JUN1811,kalshi,structured_event_metadata,"Dogecoin price range on Jun 18, 2026?",53,scheduled_absolute,all contracts agree,53,1,1,2026-06-18T15:00:00+00:00,"Dogecoin price range on Jun 18, 2026? || Dogecoin price range on Jun 18, 2026? || Dogecoin price range on Jun 18, 2026? || Dogecoin price range on Jun 18, 2026? || Dogecoin price range on Jun 18, 2026?",auto_accept,,,,
kalshi_event::KXDOGE15M-26JUN181015,kalshi,structured_event_metadata,DOGE price up in next 15 mins?,1,unclear,all contracts agree,0,0,1,2026-06-18T14:15:00+00:00,DOGE price up in next 15 mins?,manual_review,,,,
kalshi_event::KXDOGE15M-26JUN181030,kalshi,structured_event_metadata,DOGE price up in next 15 mins?,1,unclear,all contracts agree,0,0,1,2026-06-18T14:30:00+00:00,DOGE price up in next 15 mins?,manual_review,,,,
kalshi_event::KXDOGE15M-26JUN181045,kalshi,structured_event_metadata,DOGE price up in next 15 mins?,1,unclear,all contracts agree,0,0,1,2026-06-18T14:45:00+00:00,DOGE price up in next 15 mins?,manual_review,,,,
kalshi_event::KXDOGE15M-26JUN181100,kalshi,structured_event_metadata,DOGE price up in next 15 mins?,1,unclear,all contracts agree,0,0,1,2026-06-18T15:00:00+00:00,DOGE price up in next 15 mins?,manual_review,,,,
kalshi_event::KXDOGE15M-26JUN181115,kalshi,structured_event_metadata,DOGE price up in next 15 mins?,1,unclear,all contracts agree,0,0,1,2026-06-18T15:15:00+00:00,DOGE price up in next 15 mins?,manual_review,,,,
kalshi_event::KXDOGE15M-26JUN181130,kalshi,structured_event_metadata,DOGE price up in next 15 mins?,1,unclear,all contracts agree,0,0,1,2026-06-18T15:30:00+00:00,DOGE price up in next 15 mins?,manual_review,,,,
kalshi_event::KXDOGE15M-26JUN181145,kalshi,structured_event_metadata,DOGE price up in next 15 mins?,1,unclear,all contracts agree,0,0,1,2026-06-18T15:45:00+00:00,DOGE price up in next 15 mins?,manual_review,,,,
kalshi_event::KXDOGE15M-26JUN181200,kalshi,structured_event_metadata,DOGE price up in next 15 mins?,1,unclear,all contracts agree,0,0,1,2026-06-18T16:00:00+00:00,DOGE price up in next 15 mins?,manual_review,,,,
kalshi_event::KXDOGE15M-26JUN181215,kalshi,structured_event_metadata,DOGE price up in next 15 mins?,1,unclear,all contracts agree,0,0,1,2026-06-18T16:15:00+00:00,DOGE price up in next 15 mins?,manual_review,,,,
kalshi_event::KXDOGED-26JUN1810,kalshi,structured_event_metadata,"Dogecoin price on Jun 18, 2026?",53,scheduled_absolute,all contracts agree,53,1,1,2026-06-18T14:00:00+00:00,"Dogecoin price on Jun 18, 2026? || Dogecoin price on Jun 18, 2026? || Dogecoin price on Jun 18, 2026? || Dogecoin price on Jun 18, 2026? || Dogecoin price on Jun 18, 2026?",auto_accept,,,,
kalshi_event::KXDOGED-26JUN1811,kalshi,structured_event_metadata,"Dogecoin price on Jun 18, 2026?",53,scheduled_absolute,all contracts agree,53,1,1,2026-06-18T15:00:00+00:00,"Dogecoin price on Jun 18, 2026? || Dogecoin price on Jun 18, 2026? || Dogecoin price on Jun 18, 2026? || Dogecoin price on Jun 18, 2026? || Dogecoin price on Jun 18, 2026?",auto_accept,,,,
kalshi_event::KXDOTA2MAP-26JUN181000AMAEB-1,kalshi,structured_event_metadata,Will estar_backs win map 1 in the Amaru Gaming vs. estar_backs match?,2,scheduled_absolute,all contracts agree,0,0,1,2026-06-18T15:30:19+00:00,Will estar_backs win map 1 in the Amaru Gaming vs. estar_backs match? || Will Amaru Gaming win map 1 in the Amaru Gaming vs. estar_backs match?,manual_review,,,,
kalshi_event::KXETH-26JUN1811,kalshi,structured_event_metadata,"Ethereum price at Jun 18, 2026 at 11am EDT?",75,scheduled_absolute,all contracts agree,75,1,1,2026-06-18T15:00:00+00:00,"Ethereum price at Jun 18, 2026 at 11am EDT? || Ethereum price at Jun 18, 2026 at 11am EDT? || Ethereum price at Jun 18, 2026 at 11am EDT? || Ethereum price at Jun 18, 2026 at 11am EDT? || Ethereum price at Jun 18, 2026 at 11am EDT?",auto_accept,,,,
kalshi_event::KXETH-26JUN1812,kalshi,structured_event_metadata,"Ethereum price at Jun 18, 2026 at 12pm EDT?",75,scheduled_absolute,all contracts agree,75,1,1,2026-06-18T16:00:00+00:00,"Ethereum price at Jun 18, 2026 at 12pm EDT? || Ethereum price at Jun 18, 2026 at 12pm EDT? || Ethereum price at Jun 18, 2026 at 12pm EDT? || Ethereum price at Jun 18, 2026 at 12pm EDT? || Ethereum price at Jun 18, 2026 at 12pm EDT?",auto_accept,,,,
kalshi_event::KXETH15M-26JUN181015,kalshi,structured_event_metadata,ETH price up in next 15 mins?,1,unclear,all contracts agree,0,0,1,2026-06-18T14:15:00+00:00,ETH price up in next 15 mins?,manual_review,,,,
kalshi_event::KXETH15M-26JUN181030,kalshi,structured_event_metadata,ETH price up in next 15 mins?,1,unclear,all contracts agree,0,0,1,2026-06-18T14:30:00+00:00,ETH price up in next 15 mins?,manual_review,,,,
kalshi_event::KXETH15M-26JUN181045,kalshi,structured_event_metadata,ETH price up in next 15 mins?,1,unclear,all contracts agree,0,0,1,2026-06-18T14:45:00+00:00,ETH price up in next 15 mins?,manual_review,,,,
kalshi_event::KXETH15M-26JUN181100,kalshi,structured_event_metadata,ETH price up in next 15 mins?,1,unclear,all contracts agree,0,0,1,2026-06-18T15:00:00+00:00,ETH price up in next 15 mins?,manual_review,,,,
kalshi_event::KXETH15M-26JUN181115,kalshi,structured_event_metadata,ETH price up in next 15 mins?,1,unclear,all contracts agree,0,0,1,2026-06-18T15:15:00+00:00,ETH price up in next 15 mins?,manual_review,,,,
kalshi_event::KXETH15M-26JUN181130,kalshi,structured_event_metadata,ETH price up in next 15 mins?,1,unclear,all contracts agree,0,0,1,2026-06-18T15:30:00+00:00,ETH price up in next 15 mins?,manual_review,,,,
kalshi_event::KXETH15M-26JUN181145,kalshi,structured_event_metadata,ETH price up in next 15 mins?,1,unclear,all contracts agree,0,0,1,2026-06-18T15:45:00+00:00,ETH price up in next 15 mins?,manual_review,,,,
kalshi_event::KXETH15M-26JUN181200,kalshi,structured_event_metadata,ETH price up in next 15 mins?,1,unclear,all contracts agree,0,0,1,2026-06-18T16:00:00+00:00,ETH price up in next 15 mins?,manual_review,,,,
kalshi_event::KXETH15M-26JUN181215,kalshi,structured_event_metadata,ETH price up in next 15 mins?,1,unclear,all contracts agree,0,0,1,2026-06-18T16:15:00+00:00,ETH price up in next 15 mins?,manual_review,,,,
kalshi_event::KXETHD-26JUN1810,kalshi,structured_event_metadata,"Ethereum price at Jun 18, 2026 at 10am EDT?",75,scheduled_absolute,all contracts agree,75,1,1,2026-06-18T14:00:00+00:00,"Ethereum price at Jun 18, 2026 at 10am EDT? || Ethereum price at Jun 18, 2026 at 10am EDT? || Ethereum price at Jun 18, 2026 at 10am EDT? || Ethereum price at Jun 18, 2026 at 10am EDT? || Ethereum price at Jun 18, 2026 at 10am EDT?",auto_accept,,,,
kalshi_event::KXETHD-26JUN1811,kalshi,structured_event_metadata,"Ethereum price at Jun 18, 2026 at 11am EDT?",75,scheduled_absolute,all contracts agree,75,1,1,2026-06-18T15:00:00+00:00,"Ethereum price at Jun 18, 2026 at 11am EDT? || Ethereum price at Jun 18, 2026 at 11am EDT? || Ethereum price at Jun 18, 2026 at 11am EDT? || Ethereum price at Jun 18, 2026 at 11am EDT? || Ethereum price at Jun 18, 2026 at 11am EDT?",auto_accept,,,,
kalshi_event::KXETHD-26JUN1812,kalshi,structured_event_metadata,"Ethereum price at Jun 18, 2026 at 12pm EDT?",75,scheduled_absolute,all contracts agree,75,1,1,2026-06-18T16:00:00+00:00,"Ethereum price at Jun 18, 2026 at 12pm EDT? || Ethereum price at Jun 18, 2026 at 12pm EDT? || Ethereum price at Jun 18, 2026 at 12pm EDT? || Ethereum price at Jun 18, 2026 at 12pm EDT? || Ethereum price at Jun 18, 2026 at 12pm EDT?",auto_accept,,,,
kalshi_event::KXHIGHCHI-26JUN17,kalshi,structured_event_metadata,"Will the high temp in Chicago be >74° on Jun 17, 2026?",6,scheduled_absolute,all contracts agree,6,1,1,2026-06-18T05:59:00+00:00,"Will the high temp in Chicago be >74° on Jun 17, 2026? || Will the high temp in Chicago be <67° on Jun 17, 2026? || Will the high temp in Chicago be 73-74° on Jun 17, 2026? || Will the high temp in Chicago be 71-72° on Jun 17, 2026? || Will the high temp in Chicago be 69-70° on Jun 17, 2026?",auto_accept,,,,
kalshi_event::KXHIGHTHOU-26JUN17,kalshi,structured_event_metadata,"Will the maximum temperature be >92° on Jun 17, 2026?",6,scheduled_absolute,all contracts agree,6,1,1,2026-06-18T06:00:00+00:00,"Will the maximum temperature be >92° on Jun 17, 2026? || Will the maximum temperature be <85° on Jun 17, 2026? || Will the maximum temperature be 91-92° on Jun 17, 2026? || Will the maximum temperature be 89-90° on Jun 17, 2026? || Will the maximum temperature be 87-88° on Jun 17, 2026?",auto_accept,,,,
kalshi_event::KXHIGHTMIN-26JUN17,kalshi,structured_event_metadata,"Will the maximum temperature be >73° on Jun 17, 2026?",6,scheduled_absolute,all contracts agree,6,1,1,2026-06-18T06:00:00+00:00,"Will the maximum temperature be >73° on Jun 17, 2026? || Will the maximum temperature be <66° on Jun 17, 2026? || Will the maximum temperature be 72-73° on Jun 17, 2026? || Will the maximum temperature be 70-71° on Jun 17, 2026? || Will the maximum temperature be 68-69° on Jun 17, 2026?",auto_accept,,,,
kalshi_event::KXHIGHTSEA-26JUN17,kalshi,structured_event_metadata,"Will the maximum temperature be >80° on Jun 17, 2026?",6,scheduled_absolute,all contracts agree,6,1,1,2026-06-18T08:00:00+00:00,"Will the maximum temperature be >80° on Jun 17, 2026? || Will the maximum temperature be <73° on Jun 17, 2026? || Will the maximum temperature be 79-80° on Jun 17, 2026? || Will the maximum temperature be 77-78° on Jun 17, 2026? || Will the maximum temperature be 75-76° on Jun 17, 2026?",auto_accept,,,,
kalshi_event::KXHYPE-26JUN1810,kalshi,structured_event_metadata,"HYPE price on Jun 18, 2026?",75,scheduled_absolute,all contracts agree,75,1,1,2026-06-18T14:00:00+00:00,"HYPE price on Jun 18, 2026? || HYPE price on Jun 18, 2026? || HYPE price on Jun 18, 2026? || HYPE price on Jun 18, 2026? || HYPE price on Jun 18, 2026?",auto_accept,,,,
kalshi_event::KXHYPE-26JUN1811,kalshi,structured_event_metadata,"HYPE price on Jun 18, 2026?",75,scheduled_absolute,all contracts agree,75,1,1,2026-06-18T15:00:00+00:00,"HYPE price on Jun 18, 2026? || HYPE price on Jun 18, 2026? || HYPE price on Jun 18, 2026? || HYPE price on Jun 18, 2026? || HYPE price on Jun 18, 2026?",auto_accept,,,,
kalshi_event::KXHYPE-26JUN1812,kalshi,structured_event_metadata,"HYPE price on Jun 18, 2026?",75,scheduled_absolute,all contracts agree,75,1,1,2026-06-18T16:00:00+00:00,"HYPE price on Jun 18, 2026? || HYPE price on Jun 18, 2026? || HYPE price on Jun 18, 2026? || HYPE price on Jun 18, 2026? || HYPE price on Jun 18, 2026?",auto_accept,,,,
kalshi_event::KXHYPE15M-26JUN181015,kalshi,structured_event_metadata,HYPE price up in next 15 mins?,1,unclear,all contracts agree,0,0,1,2026-06-18T14:15:00+00:00,HYPE price up in next 15 mins?,manual_review,,,,
kalshi_event::KXHYPE15M-26JUN181030,kalshi,structured_event_metadata,HYPE price up in next 15 mins?,1,unclear,all contracts agree,0,0,1,2026-06-18T14:30:00+00:00,HYPE price up in next 15 mins?,manual_review,,,,
kalshi_event::KXHYPE15M-26JUN181045,kalshi,structured_event_metadata,HYPE price up in next 15 mins?,1,unclear,all contracts agree,0,0,1,2026-06-18T14:45:00+00:00,HYPE price up in next 15 mins?,manual_review,,,,
kalshi_event::KXHYPE15M-26JUN181100,kalshi,structured_event_metadata,HYPE price up in next 15 mins?,1,unclear,all contracts agree,0,0,1,2026-06-18T15:00:00+00:00,HYPE price up in next 15 mins?,manual_review,,,,
kalshi_event::KXHYPE15M-26JUN181115,kalshi,structured_event_metadata,HYPE price up in next 15 mins?,1,unclear,all contracts agree,0,0,1,2026-06-18T15:15:00+00:00,HYPE price up in next 15 mins?,manual_review,,,,
kalshi_event::KXHYPE15M-26JUN181130,kalshi,structured_event_metadata,HYPE price up in next 15 mins?,1,unclear,all contracts agree,0,0,1,2026-06-18T15:30:00+00:00,HYPE price up in next 15 mins?,manual_review,,,,
kalshi_event::KXHYPE15M-26JUN181145,kalshi,structured_event_metadata,HYPE price up in next 15 mins?,1,unclear,all contracts agree,0,0,1,2026-06-18T15:45:00+00:00,HYPE price up in next 15 mins?,manual_review,,,,
kalshi_event::KXHYPE15M-26JUN181200,kalshi,structured_event_metadata,HYPE price up in next 15 mins?,1,unclear,all contracts agree,0,0,1,2026-06-18T16:00:00+00:00,HYPE price up in next 15 mins?,manual_review,,,,
kalshi_event::KXHYPE15M-26JUN181215,kalshi,structured_event_metadata,HYPE price up in next 15 mins?,1,unclear,all contracts agree,0,0,1,2026-06-18T16:15:00+00:00,HYPE price up in next 15 mins?,manual_review,,,,
kalshi_event::KXHYPED-26JUN1810,kalshi,structured_event_metadata,"HYPE price on Jun 18, 2026?",75,scheduled_absolute,all contracts agree,75,1,1,2026-06-18T14:00:00+00:00,"HYPE price on Jun 18, 2026? || HYPE price on Jun 18, 2026? || HYPE price on Jun 18, 2026? || HYPE price on Jun 18, 2026? || HYPE price on Jun 18, 2026?",auto_accept,,,,
kalshi_event::KXHYPED-26JUN1811,kalshi,structured_event_metadata,"HYPE price on Jun 18, 2026?",75,scheduled_absolute,all contracts agree,75,1,1,2026-06-18T15:00:00+00:00,"HYPE price on Jun 18, 2026? || HYPE price on Jun 18, 2026? || HYPE price on Jun 18, 2026? || HYPE price on Jun 18, 2026? || HYPE price on Jun 18, 2026?",auto_accept,,,,
kalshi_event::KXHYPED-26JUN1812,kalshi,structured_event_metadata,"HYPE price on Jun 18, 2026?",75,scheduled_absolute,all contracts agree,75,1,1,2026-06-18T16:00:00+00:00,"HYPE price on Jun 18, 2026? || HYPE price on Jun 18, 2026? || HYPE price on Jun 18, 2026? || HYPE price on Jun 18, 2026? || HYPE price on Jun 18, 2026?",auto_accept,,,,
kalshi_event::KXINXU-26JUN18H1100,kalshi,structured_event_metadata,"Will the S&P 500 be above 8494.9999 on Jun 18, 2026 at 11am EDT?",400,scheduled_absolute,all contracts agree,400,1,1,2026-06-18T15:00:00+00:00,"Will the S&P 500 be above 8494.9999 on Jun 18, 2026 at 11am EDT? || Will the S&P 500 be above 8489.9999 on Jun 18, 2026 at 11am EDT? || Will the S&P 500 be above 8484.9999 on Jun 18, 2026 at 11am EDT? || Will the S&P 500 be above 8479.9999 on Jun 18, 2026 at 11am EDT? || Will the S&P 500 be above 8474.9999 on Jun 18, 2026 at 11am EDT?",auto_accept,,,,
kalshi_event::KXINXU-26JUN18H1200,kalshi,structured_event_metadata,"Will the S&P 500 be above 8494.9999 on Jun 18, 2026 at 12pm EDT?",400,scheduled_absolute,all contracts agree,400,1,1,2026-06-18T16:00:00+00:00,"Will the S&P 500 be above 8494.9999 on Jun 18, 2026 at 12pm EDT? || Will the S&P 500 be above 8489.9999 on Jun 18, 2026 at 12pm EDT? || Will the S&P 500 be above 8484.9999 on Jun 18, 2026 at 12pm EDT? || Will the S&P 500 be above 8479.9999 on Jun 18, 2026 at 12pm EDT? || Will the S&P 500 be above 8474.9999 on Jun 18, 2026 at 12pm EDT?",auto_accept,,,,
kalshi_event::KXITFMATCH-26JUN18AGEDIB,kalshi,structured_event_metadata,Will Katherine Dibbs win the Agelvis vs Dibbs: Billie Jean King Cup Qualifiers Round match?,2,scheduled_absolute,all contracts agree,0,0,1,2026-06-18T16:15:42+00:00,Will Katherine Dibbs win the Agelvis vs Dibbs: Billie Jean King Cup Qualifiers Round match? || Will Michelle Agelvis win the Agelvis vs Dibbs: Billie Jean King Cup Qualifiers Round match?,manual_review,,,,
kalshi_event::KXITFMATCH-26JUN18AUBKOP,kalshi,structured_event_metadata,Will Sandro Kopp win the Aubriot vs Kopp: M25 Klosters Round of 16 match?,2,scheduled_absolute,all contracts agree,0,0,1,2026-06-18T14:05:31+00:00,Will Sandro Kopp win the Aubriot vs Kopp: M25 Klosters Round of 16 match? || Will Alexandre Aubriot win the Aubriot vs Kopp: M25 Klosters Round of 16 match?,manual_review,,,,
kalshi_event::KXITFMATCH-26JUN18AVAHYS,kalshi,structured_event_metadata,Will Enki Hyseni win the Avanesyan vs Hyseni: Billie Jean King Cup Qualifiers Round match?,2,scheduled_absolute,all contracts agree,0,0,1,2026-06-18T14:51:09+00:00,Will Enki Hyseni win the Avanesyan vs Hyseni: Billie Jean King Cup Qualifiers Round match? || Will Elina Avanesyan win the Avanesyan vs Hyseni: Billie Jean King Cup Qualifiers Round match?,manual_review,,,,
kalshi_event::KXITFMATCH-26JUN18BIEHIP,kalshi,structured_event_metadata,Will Nico Hipfl win the Bielinskyi vs Hipfl: M15 Gyula Round of 16 match?,2,scheduled_absolute,all contracts agree,0,0,1,2026-06-18T14:31:12+00:00,Will Nico Hipfl win the Bielinskyi vs Hipfl: M15 Gyula Round of 16 match? || Will Viacheslav Bielinskyi win the Bielinskyi vs Hipfl: M15 Gyula Round of 16 match?,manual_review,,,,
kalshi_event::KXITFMATCH-26JUN18CHABAB,kalshi,structured_event_metadata,Will Hannah Chambers win the Chambers vs Bab: Billie Jean King Cup Qualifiers Round match?,2,scheduled_absolute,all contracts agree,0,0,1,2026-06-18T16:01:24+00:00,Will Hannah Chambers win the Chambers vs Bab: Billie Jean King Cup Qualifiers Round match? || Will Faith Bab win the Chambers vs Bab: Billie Jean King Cup Qualifiers Round match?,manual_review,,,,
kalshi_event::KXITFMATCH-26JUN18DYEPER,kalshi,structured_event_metadata,Will Meliza Perez win the Dyer vs Perez: Billie Jean King Cup Qualifiers Round match?,2,scheduled_absolute,all contracts agree,0,0,1,2026-06-18T16:15:41+00:00,Will Meliza Perez win the Dyer vs Perez: Billie Jean King Cup Qualifiers Round match? || Will Brasha Dyer win the Dyer vs Perez: Billie Jean King Cup Qualifiers Round match?,manual_review,,,,
kalshi_event::KXITFMATCH-26JUN18GARPAL,kalshi,structured_event_metadata,Will Stefan Palosi win the Garcia Longo vs Palosi: M15 Constanta Round of 16 match?,2,scheduled_absolute,all contracts agree,0,0,1,2026-06-18T14:01:15+00:00,Will Stefan Palosi win the Garcia Longo vs Palosi: M15 Constanta Round of 16 match? || Will Nicolas Garcia Longo win the Garcia Longo vs Palosi: M15 Constanta Round of 16 match?,manual_review,,,,
kalshi_event::KXITFMATCH-26JUN18GONDOM,kalshi,structured_event_metadata,Will Mario Gonzalez Fernandez win the Gonzalez Fernandez vs Domingues: M25 Lourinha Round of 16 match?,2,scheduled_absolute,all contracts agree,0,0,1,2026-06-18T14:35:31+00:00,Will Mario Gonzalez Fernandez win the Gonzalez Fernandez vs Domingues: M25 Lourinha Round of 16 match? || Will Joao Domingues win the Gonzalez Fernandez vs Domingues: M25 Lourinha Round of 16 match?,manual_review,,,,
kalshi_event::KXITFMATCH-26JUN18INCBOU,kalshi,structured_event_metadata,Will Paul Inchauspe win the Inchauspe vs Bouchelaghem: M15 Monastir Round of 16 match?,2,scheduled_absolute,all contracts agree,0,0,1,2026-06-18T14:21:02+00:00,Will Paul Inchauspe win the Inchauspe vs Bouchelaghem: M15 Monastir Round of 16 match? || Will Cesar Bouchelaghem win the Inchauspe vs Bouchelaghem: M15 Monastir Round of 16 match?,manual_review,,,,
kalshi_event::KXITFMATCH-26JUN18KOVGAL,kalshi,structured_event_metadata,Will Jozef Kovalik win the Kovalik vs Galus: M25 Samobor Round of 16 match?,2,scheduled_absolute,all contracts agree,0,0,1,2026-06-18T14:10:52+00:00,Will Jozef Kovalik win the Kovalik vs Galus: M25 Samobor Round of 16 match? || Will Piotr Galus win the Kovalik vs Galus: M25 Samobor Round of 16 match?,manual_review,,,,
kalshi_event::KXITFMATCH-26JUN18MALMAJ,kalshi,structured_event_metadata,Will Markus Malaszszak win the Malaszszak vs Majdandzic: M15 Saarlouis Round of 16 match?,2,scheduled_absolute,all contracts agree,0,0,1,2026-06-18T14:35:30+00:00,Will Markus Malaszszak win the Malaszszak vs Majdandzic: M15 Saarlouis Round of 16 match? || Will Marc Majdandzic win the Malaszszak vs Majdandzic: M15 Saarlouis Round of 16 match?,manual_review,,,,
kalshi_event::KXITFMATCH-26JUN18PERGUI,kalshi,structured_event_metadata,Will Sergi Perez Contri win the Perez Contri vs Guilleme: M15 Mungia-Laukariz Quarterfinal match?,2,scheduled_absolute,all contracts agree,0,0,1,2026-06-18T15:05:26+00:00,Will Sergi Perez Contri win the Perez Contri vs Guilleme: M15 Mungia-Laukariz Quarterfinal match? || Will Joaquin Guilleme win the Perez Contri vs Guilleme: M15 Mungia-Laukariz Quarterfinal match?,manual_review,,,,
kalshi_event::KXITFMATCH-26JUN18POGBON,kalshi,structured_event_metadata,Will Davit Poghosyan win the Poghosyan vs Bonifacius: Davis Cup 2026 Group IV Europe Round match?,2,scheduled_absolute,all contracts agree,0,0,1,2026-06-18T14:17:08+00:00,Will Davit Poghosyan win the Poghosyan vs Bonifacius: Davis Cup 2026 Group IV Europe Round match? || Will Rafn Bonifacius win the Poghosyan vs Bonifacius: Davis Cup 2026 Group IV Europe Round match?,manual_review,,,,
kalshi_event::KXITFMATCH-26JUN18POPBRO,kalshi,structured_event_metadata,Will Stefan Popovic win the Popovic vs Brown: M15 Kursumlijska Banja Round of 16 match?,2,scheduled_absolute,all contracts agree,0,0,1,2026-06-18T14:01:16+00:00,Will Stefan Popovic win the Popovic vs Brown: M15 Kursumlijska Banja Round of 16 match? || Will Oscar Brown win the Popovic vs Brown: M15 Kursumlijska Banja Round of 16 match?,manual_review,,,,
kalshi_event::KXITFMATCH-26JUN18RATDEL,kalshi,structured_event_metadata,Will Niels Ratiu win the Ratiu vs De Lange: M15 Saarlouis Round of 16 match?,2,scheduled_absolute,all contracts agree,0,0,1,2026-06-18T16:10:52+00:00,Will Niels Ratiu win the Ratiu vs De Lange: M15 Saarlouis Round of 16 match? || Will Pieter De Lange win the Ratiu vs De Lange: M15 Saarlouis Round of 16 match?,manual_review,,,,
kalshi_event::KXITFMATCH-26JUN18SCHBOO,kalshi,structured_event_metadata,Will Patrick Schoen win the Schoen vs Boogaard: M25 Lourinha Round of 16 match?,2,scheduled_absolute,all contracts agree,0,0,1,2026-06-18T16:15:42+00:00,Will Patrick Schoen win the Schoen vs Boogaard: M25 Lourinha Round of 16 match? || Will Thijs Boogaard win the Schoen vs Boogaard: M25 Lourinha Round of 16 match?,manual_review,,,,
kalshi_event::KXITFMATCH-26JUN18SILECH,kalshi,structured_event_metadata,Will Joao Dinis Silva win the Silva vs Echeverria: M25 Lourinha Round of 16 match?,2,scheduled_absolute,all contracts agree,0,0,1,2026-06-18T15:20:41+00:00,Will Joao Dinis Silva win the Silva vs Echeverria: M25 Lourinha Round of 16 match? || Will John Echeverria win the Silva vs Echeverria: M25 Lourinha Round of 16 match?,manual_review,,,,
kalshi_event::KXITFMATCH-26JUN18STABUT,kalshi,structured_event_metadata,Will Simeon Stankovic win the Stankovic vs Butulija: M15 Kursumlijska Banja Round of 16 match?,2,scheduled_absolute,all contracts agree,0,0,1,2026-06-18T15:45:34+00:00,Will Simeon Stankovic win the Stankovic vs Butulija: M15 Kursumlijska Banja Round of 16 match? || Will Boris Butulija win the Stankovic vs Butulija: M15 Kursumlijska Banja Round of 16 match?,manual_review,,,,
kalshi_event::KXITFMATCH-26JUN18ZICLIE,kalshi,structured_event_metadata,Will Sydney Zick win the Zick vs Lien: M15 Saarlouis Round of 16 match?,2,scheduled_absolute,all contracts agree,0,0,1,2026-06-18T14:51:09+00:00,Will Sydney Zick win the Zick vs Lien: M15 Saarlouis Round of 16 match? || Will Johan Oscar Lien win the Zick vs Lien: M15 Saarlouis Round of 16 match?,manual_review,,,,
kalshi_event::KXITFWMATCH-26JUN18CCUZOR,kalshi,structured_event_metadata,Will Emily Zornada win the Ccuno vs Zornada: W15 Luque Round of 16 match?,2,scheduled_absolute,all contracts agree,0,0,1,2026-06-18T15:30:43+00:00,Will Emily Zornada win the Ccuno vs Zornada: W15 Luque Round of 16 match? || Will Romina Ccuno win the Ccuno vs Zornada: W15 Luque Round of 16 match?,manual_review,,,,
kalshi_event::KXITFWMATCH-26JUN18CEXBAL,kalshi,structured_event_metadata,Will Gabriela Ce win the Ce vs Balus: W35 San Gregorio Round of 16 match?,2,scheduled_absolute,all contracts agree,0,0,1,2026-06-18T14:45:38+00:00,Will Gabriela Ce win the Ce vs Balus: W35 San Gregorio Round of 16 match? || Will Irina Balus win the Ce vs Balus: W35 San Gregorio Round of 16 match?,manual_review,,,,
kalshi_event::KXITFWMATCH-26JUN18DRASAR,kalshi,structured_event_metadata,Will Karine Sarkisova win the DRAME vs Sarkisova: W15 Kursumlijska Banja Round of 16 match?,2,scheduled_absolute,all contracts agree,0,0,1,2026-06-18T14:11:02+00:00,Will Karine Sarkisova win the DRAME vs Sarkisova: W15 Kursumlijska Banja Round of 16 match? || Will Petja DRAME win the DRAME vs Sarkisova: W15 Kursumlijska Banja Round of 16 match?,manual_review,,,,
kalshi_event::KXITFWMATCH-26JUN18HURBOS,kalshi,structured_event_metadata,Will Nika Hurkacz win the Hurkacz vs Bosio: W35 Bolszewo Round of 16 match?,2,scheduled_absolute,all contracts agree,0,0,1,2026-06-18T14:31:20+00:00,Will Nika Hurkacz win the Hurkacz vs Bosio: W35 Bolszewo Round of 16 match? || Will Victoria Bosio win the Hurkacz vs Bosio: W35 Bolszewo Round of 16 match?,manual_review,,,,
kalshi_event::KXITFWMATCH-26JUN18JANGLU,kalshi,structured_event_metadata,Will Selena Janicijevic win the Janicijevic vs Glushkova: W50 Haskovo Round of 16 match?,2,scheduled_absolute,all contracts agree,0,0,1,2026-06-18T15:30:42+00:00,Will Selena Janicijevic win the Janicijevic vs Glushkova: W50 Haskovo Round of 16 match? || Will Denislava Glushkova win the Janicijevic vs Glushkova: W50 Haskovo Round of 16 match?,manual_review,,,,
kalshi_event::KXITFWMATCH-26JUN18LOPGON,kalshi,structured_event_metadata,Will Ana Julieta Lopez Ocampos win the Lopez Ocampos vs Gonzalez Daniele: W15 Luque Round of 16 match?,2,scheduled_absolute,all contracts agree,0,0,1,2026-06-18T15:11:58+00:00,Will Ana Julieta Lopez Ocampos win the Lopez Ocampos vs Gonzalez Daniele: W15 Luque Round of 16 match? || Will Justina Maria Gonzalez Daniele win the Lopez Ocampos vs Gonzalez Daniele: W15 Luque Round of 16 match?,manual_review,,,,
kalshi_event::KXITFWMATCH-26JUN18PAWEWA,kalshi,structured_event_metadata,Will Maja Pawelska win the Pawelska vs Ewald: W35 Bolszewo Round of 16 match?,2,scheduled_absolute,all contracts agree,0,0,1,2026-06-18T15:25:42+00:00,Will Maja Pawelska win the Pawelska vs Ewald: W35 Bolszewo Round of 16 match? || Will Weronika Ewald win the Pawelska vs Ewald: W35 Bolszewo Round of 16 match?,manual_review,,,,
kalshi_event::KXITFWMATCH-26JUN18PERCOL,kalshi,structured_event_metadata,Will Ekaterina Perelygina win the Perelygina vs Colmegna: W35 Mohammedia Round of 16 match?,2,scheduled_absolute,all contracts agree,0,0,1,2026-06-18T14:51:18+00:00,Will Ekaterina Perelygina win the Perelygina vs Colmegna: W35 Mohammedia Round of 16 match? || Will Martina Colmegna win the Perelygina vs Colmegna: W35 Mohammedia Round of 16 match?,manual_review,,,,
kalshi_event::KXITFWMATCH-26JUN18SLANOE,kalshi,structured_event_metadata,Will Mia Slama win the Slama vs Noel: W15 Dinard Round of 16 match?,2,scheduled_absolute,all contracts agree,0,0,1,2026-06-18T14:35:37+00:00,Will Mia Slama win the Slama vs Noel: W15 Dinard Round of 16 match? || Will Chloe Noel win the Slama vs Noel: W15 Dinard Round of 16 match?,manual_review,,,,
kalshi_event::KXITFWMATCH-26JUN18THOMAQ,kalshi,structured_event_metadata,Will Lena Thomas Iglesias win the Thomas Iglesias vs Maquet: W15 Dinard Round of 16 match?,2,scheduled_absolute,all contracts agree,0,0,1,2026-06-18T14:35:36+00:00,Will Lena Thomas Iglesias win the Thomas Iglesias vs Maquet: W15 Dinard Round of 16 match? || Will Margaux Maquet win the Thomas Iglesias vs Maquet: W15 Dinard Round of 16 match?,manual_review,,,,
kalshi_event::KXITFWMATCH-26JUN18VERDAN,kalshi,structured_event_metadata,Will Antonia Vergara Rivera win the Vergara Rivera vs Danilova: W15 Luque Round of 16 match?,2,scheduled_absolute,all contracts agree,0,0,1,2026-06-18T15:53:34+00:00,Will Antonia Vergara Rivera win the Vergara Rivera vs Danilova: W15 Luque Round of 16 match? || Will Alisa Danilova win the Vergara Rivera vs Danilova: W15 Luque Round of 16 match?,manual_review,,,,
kalshi_event::KXKOSPI-JUN,kalshi,structured_event_metadata,"Will the KOSPI Composite Index be at least ₩8,825 in June 2026?",3,unclear,all contracts agree,0,0,3,2026-06-18T15:31:39+00:00 || 2026-06-18T15:33:36+00:00 || 2026-06-18T15:35:14+00:00,"Will the KOSPI Composite Index be at least ₩8,825 in June 2026? || Will the KOSPI Composite Index be at least ₩8,800 in June 2026? || Will the KOSPI Composite Index be at least ₩8,750 in June 2026?",manual_review,,,,
kalshi_event::KXLIUKELIMINATION-26JUN17,kalshi,structured_event_metadata,"Will Aidan be eliminated from Love Island UK before Jun 18, 2026?",17,deadline_window,all contracts agree,0,0,1,2026-06-18T03:59:00+00:00,"Will Aidan be eliminated from Love Island UK before Jun 18, 2026? || Will Angelista be eliminated from Love Island UK before Jun 18, 2026? || Will Mica be eliminated from Love Island UK before Jun 18, 2026? || Will Sam be eliminated from Love Island UK before Jun 18, 2026? || Will Namibia be eliminated from Love Island UK before Jun 18, 2026?",separate_analysis,,,,
kalshi_event::KXLOLGAME-26JUN180500NSEAKTC,kalshi,structured_event_metadata,Will Nongshim Esports Academy win the Nongshim Esports Academy vs. KT Rolster Challengers League of Legends match?,2,scheduled_absolute,all contracts agree,0,0,1,2026-06-18T14:30:01+00:00,Will Nongshim Esports Academy win the Nongshim Esports Academy vs. KT Rolster Challengers League of Legends match? || Will KT Rolster Challengers win the Nongshim Esports Academy vs. KT Rolster Challengers League of Legends match?,manual_review,,,,
kalshi_event::KXLOLTOTALMAPS-26JUN180500NSEAKTC,kalshi,structured_event_metadata,Will over 4.5 maps be played in the Nongshim Esports Academy vs. KT Rolster Challengers League of Legends match?,2,scheduled_absolute,all contracts agree,0,0,1,2026-06-18T14:24:41+00:00,Will over 4.5 maps be played in the Nongshim Esports Academy vs. KT Rolster Challengers League of Legends match? || Will over 3.5 maps be played in the Nongshim Esports Academy vs. KT Rolster Challengers League of Legends match?,manual_review,,,,
kalshi_event::KXLOWTLAX-26JUN17,kalshi,structured_event_metadata,"Will the minimum temperature be >63° on Jun 17, 2026?",6,scheduled_absolute,all contracts agree,6,1,1,2026-06-18T08:00:00+00:00,"Will the minimum temperature be >63° on Jun 17, 2026? || Will the minimum temperature be <56° on Jun 17, 2026? || Will the minimum temperature be 62-63° on Jun 17, 2026? || Will the minimum temperature be 60-61° on Jun 17, 2026? || Will the minimum temperature be 58-59° on Jun 17, 2026?",auto_accept,,,,
kalshi_event::KXLOWTNOLA-26JUN17,kalshi,structured_event_metadata,"Will the minimum temperature be >78° on Jun 17, 2026?",6,scheduled_absolute,all contracts agree,6,1,1,2026-06-18T06:00:00+00:00,"Will the minimum temperature be >78° on Jun 17, 2026? || Will the minimum temperature be <71° on Jun 17, 2026? || Will the minimum temperature be 77-78° on Jun 17, 2026? || Will the minimum temperature be 75-76° on Jun 17, 2026? || Will the minimum temperature be 73-74° on Jun 17, 2026?",auto_accept,,,,
kalshi_event::KXLOWTSATX-26JUN17,kalshi,structured_event_metadata,"Will the minimum temperature be >74° on Jun 17, 2026?",6,scheduled_absolute,all contracts agree,6,1,1,2026-06-18T06:00:00+00:00,"Will the minimum temperature be >74° on Jun 17, 2026? || Will the minimum temperature be <67° on Jun 17, 2026? || Will the minimum temperature be 73-74° on Jun 17, 2026? || Will the minimum temperature be 71-72° on Jun 17, 2026? || Will the minimum temperature be 69-70° on Jun 17, 2026?",auto_accept,,,,
kalshi_event::KXLOWTSFO-26JUN17,kalshi,structured_event_metadata,"Will the minimum temperature be >59° on Jun 17, 2026?",6,scheduled_absolute,all contracts agree,6,1,1,2026-06-18T08:00:00+00:00,"Will the minimum temperature be >59° on Jun 17, 2026? || Will the minimum temperature be <52° on Jun 17, 2026? || Will the minimum temperature be 58-59° on Jun 17, 2026? || Will the minimum temperature be 56-57° on Jun 17, 2026? || Will the minimum temperature be 54-55° on Jun 17, 2026?",auto_accept,,,,
kalshi_event::KXNASDAQ100U-26JUN18H1100,kalshi,structured_event_metadata,"Will the Nasdaq-100 be above 31889.99 at the end of Jun 18, 2026 at 11am EDT?",400,scheduled_absolute,all contracts agree,400,1,1,2026-06-18T15:00:00+00:00,"Will the Nasdaq-100 be above 31889.99 at the end of Jun 18, 2026 at 11am EDT? || Will the Nasdaq-100 be above 31879.99 at the end of Jun 18, 2026 at 11am EDT? || Will the Nasdaq-100 be above 31869.99 at the end of Jun 18, 2026 at 11am EDT? || Will the Nasdaq-100 be above 31859.99 at the end of Jun 18, 2026 at 11am EDT? || Will the Nasdaq-100 be above 31849.99 at the end of Jun 18, 2026 at 11am EDT?",auto_accept,,,,
kalshi_event::KXNASDAQ100U-26JUN18H1200,kalshi,structured_event_metadata,"Will the Nasdaq-100 be above 31889.99 at the end of Jun 18, 2026 at 12pm EDT?",400,scheduled_absolute,all contracts agree,400,1,1,2026-06-18T16:00:00+00:00,"Will the Nasdaq-100 be above 31889.99 at the end of Jun 18, 2026 at 12pm EDT? || Will the Nasdaq-100 be above 31879.99 at the end of Jun 18, 2026 at 12pm EDT? || Will the Nasdaq-100 be above 31869.99 at the end of Jun 18, 2026 at 12pm EDT? || Will the Nasdaq-100 be above 31859.99 at the end of Jun 18, 2026 at 12pm EDT? || Will the Nasdaq-100 be above 31849.99 at the end of Jun 18, 2026 at 12pm EDT?",auto_accept,,,,
kalshi_event::KXOWGAME-26JUN180700T12ELMT,kalshi,structured_event_metadata,Will Trap12 win the Trap12 vs. ELMT Overwatch match?,2,scheduled_absolute,all contracts agree,0,0,1,2026-06-18T14:40:47+00:00,Will Trap12 win the Trap12 vs. ELMT Overwatch match? || Will ELMT win the Trap12 vs. ELMT Overwatch match?,manual_review,,,,
kalshi_event::KXOWGAME-26JUN180830TSSSE,kalshi,structured_event_metadata,Will Team Secret win the Team Secret vs. SHENGSHI Esports Overwatch match?,2,scheduled_absolute,all contracts agree,0,0,1,2026-06-18T14:40:46+00:00,Will Team Secret win the Team Secret vs. SHENGSHI Esports Overwatch match? || Will SHENGSHI Esports win the Team Secret vs. SHENGSHI Esports Overwatch match?,manual_review,,,,
kalshi_event::KXPGAHOLESCORE-USO26R1RMCI,kalshi,structured_event_metadata,What score will Rory McIlroy record on Hole 16 in Round 1?,21,unclear,all contracts agree,0,0,11,2026-06-18T14:14:45+00:00 || 2026-06-18T14:26:21+00:00 || 2026-06-18T14:41:22+00:00 || 2026-06-18T14:41:23+00:00 || 2026-06-18T15:02:23+00:00,What score will Rory McIlroy record on Hole 16 in Round 1? || What score will Rory McIlroy record on Hole 16 in Round 1? || What score will Rory McIlroy record on Hole 16 in Round 1? || What score will Rory McIlroy record on Hole 15 in Round 1? || What score will Rory McIlroy record on Hole 15 in Round 1?,manual_review,,,,
kalshi_event::KXPGAHOLESCORE-USO26R1SSCH,kalshi,structured_event_metadata,What score will Scottie Scheffler record on Hole 5 in Round 1?,15,unclear,all contracts agree,0,0,6,2026-06-18T14:32:19+00:00 || 2026-06-18T14:56:20+00:00 || 2026-06-18T15:10:34+00:00 || 2026-06-18T15:35:21+00:00 || 2026-06-18T16:11:24+00:00,What score will Scottie Scheffler record on Hole 5 in Round 1? || What score will Scottie Scheffler record on Hole 5 in Round 1? || What score will Scottie Scheffler record on Hole 5 in Round 1? || What score will Scottie Scheffler record on Hole 4 in Round 1? || What score will Scottie Scheffler record on Hole 4 in Round 1?,manual_review,,,,
kalshi_event::KXPOLITICSMENTION-26JUN18,kalshi,structured_event_metadata,What will Mark Rutte say during Secretary General’s Press Conference?,14,unclear,all contracts agree,0,0,4,2026-06-18T14:20:41+00:00 || 2026-06-18T15:41:29+00:00 || 2026-06-18T15:41:47+00:00 || 2026-06-18T15:41:48+00:00,What will Mark Rutte say during Secretary General’s Press Conference? || What will Mark Rutte say during Secretary General’s Press Conference? || What will Mark Rutte say during Secretary General’s Press Conference? || What will Mark Rutte say during Secretary General’s Press Conference? || What will Mark Rutte say during Secretary General’s Press Conference?,manual_review,,,,
kalshi_event::KXSCOTUSMARIJUANAGUN,kalshi,structured_event_metadata,Will the Supreme Court rule in favor of The United States in United States v. Hemani,1,unclear,all contracts agree,0,0,1,2026-06-18T14:28:54+00:00,Will the Supreme Court rule in favor of The United States in United States v. Hemani,manual_review,,,,
kalshi_event::KXSOL15M-26JUN181015,kalshi,structured_event_metadata,SOL price up in next 15 mins?,1,unclear,all contracts agree,0,0,1,2026-06-18T14:15:00+00:00,SOL price up in next 15 mins?,manual_review,,,,
kalshi_event::KXSOL15M-26JUN181030,kalshi,structured_event_metadata,SOL price up in next 15 mins?,1,unclear,all contracts agree,0,0,1,2026-06-18T14:30:00+00:00,SOL price up in next 15 mins?,manual_review,,,,
kalshi_event::KXSOL15M-26JUN181045,kalshi,structured_event_metadata,SOL price up in next 15 mins?,1,unclear,all contracts agree,0,0,1,2026-06-18T14:45:00+00:00,SOL price up in next 15 mins?,manual_review,,,,
kalshi_event::KXSOL15M-26JUN181100,kalshi,structured_event_metadata,SOL price up in next 15 mins?,1,unclear,all contracts agree,0,0,1,2026-06-18T15:00:00+00:00,SOL price up in next 15 mins?,manual_review,,,,
kalshi_event::KXSOL15M-26JUN181115,kalshi,structured_event_metadata,SOL price up in next 15 mins?,1,unclear,all contracts agree,0,0,1,2026-06-18T15:15:00+00:00,SOL price up in next 15 mins?,manual_review,,,,
kalshi_event::KXSOL15M-26JUN181130,kalshi,structured_event_metadata,SOL price up in next 15 mins?,1,unclear,all contracts agree,0,0,1,2026-06-18T15:30:00+00:00,SOL price up in next 15 mins?,manual_review,,,,
kalshi_event::KXSOL15M-26JUN181145,kalshi,structured_event_metadata,SOL price up in next 15 mins?,1,unclear,all contracts agree,0,0,1,2026-06-18T15:45:00+00:00,SOL price up in next 15 mins?,manual_review,,,,
kalshi_event::KXSOL15M-26JUN181200,kalshi,structured_event_metadata,SOL price up in next 15 mins?,1,unclear,all contracts agree,0,0,1,2026-06-18T16:00:00+00:00,SOL price up in next 15 mins?,manual_review,,,,
kalshi_event::KXSOL15M-26JUN181215,kalshi,structured_event_metadata,SOL price up in next 15 mins?,1,unclear,all contracts agree,0,0,1,2026-06-18T16:15:00+00:00,SOL price up in next 15 mins?,manual_review,,,,
kalshi_event::KXSOLD-26JUN1811,kalshi,structured_event_metadata,"SOL price on Jun 18, 2026?",75,scheduled_absolute,all contracts agree,75,1,1,2026-06-18T15:00:00+00:00,"SOL price on Jun 18, 2026? || SOL price on Jun 18, 2026? || SOL price on Jun 18, 2026? || SOL price on Jun 18, 2026? || SOL price on Jun 18, 2026?",auto_accept,,,,
kalshi_event::KXSOLD-26JUN1812,kalshi,structured_event_metadata,"SOL price on Jun 18, 2026?",75,scheduled_absolute,all contracts agree,75,1,1,2026-06-18T16:00:00+00:00,"SOL price on Jun 18, 2026? || SOL price on Jun 18, 2026? || SOL price on Jun 18, 2026? || SOL price on Jun 18, 2026? || SOL price on Jun 18, 2026?",auto_accept,,,,
kalshi_event::KXSOLE-26JUN1811,kalshi,structured_event_metadata,"SOL price on Jun 18, 2026?",75,scheduled_absolute,all contracts agree,75,1,1,2026-06-18T15:00:00+00:00,"SOL price on Jun 18, 2026? || SOL price on Jun 18, 2026? || SOL price on Jun 18, 2026? || SOL price on Jun 18, 2026? || SOL price on Jun 18, 2026?",auto_accept,,,,
kalshi_event::KXSOLE-26JUN1812,kalshi,structured_event_metadata,"SOL price on Jun 18, 2026?",75,scheduled_absolute,all contracts agree,75,1,1,2026-06-18T16:00:00+00:00,"SOL price on Jun 18, 2026? || SOL price on Jun 18, 2026? || SOL price on Jun 18, 2026? || SOL price on Jun 18, 2026? || SOL price on Jun 18, 2026?",auto_accept,,,,
kalshi_event::KXT20MATCH-26JUN160530ROCHII,kalshi,structured_event_metadata,Hiims Hawks vs Rock Garden Warriors Winner?,2,unclear,all contracts agree,0,0,1,2026-06-18T13:30:00+00:00,Hiims Hawks vs Rock Garden Warriors Winner? || Hiims Hawks vs Rock Garden Warriors Winner?,manual_review,,,,
kalshi_event::KXTEMPNYCH-26JUN1809,kalshi,structured_event_metadata,"Will the temp in New York City be above 82.99° on Jun 18, 2026 at 9am EDT?",24,scheduled_absolute,all contracts agree,24,1,1,2026-06-18T13:00:00+00:00,"Will the temp in New York City be above 82.99° on Jun 18, 2026 at 9am EDT? || Will the temp in New York City be above 81.99° on Jun 18, 2026 at 9am EDT? || Will the temp in New York City be above 80.99° on Jun 18, 2026 at 9am EDT? || Will the temp in New York City be above 79.99° on Jun 18, 2026 at 9am EDT? || Will the temp in New York City be above 78.99° on Jun 18, 2026 at 9am EDT?",auto_accept,,,,
kalshi_event::KXTEMPNYCH-26JUN1810,kalshi,structured_event_metadata,"Will the temp in New York City be above 85.99° on Jun 18, 2026 at 10am EDT?",24,scheduled_absolute,all contracts agree,24,1,1,2026-06-18T14:00:00+00:00,"Will the temp in New York City be above 85.99° on Jun 18, 2026 at 10am EDT? || Will the temp in New York City be above 84.99° on Jun 18, 2026 at 10am EDT? || Will the temp in New York City be above 83.99° on Jun 18, 2026 at 10am EDT? || Will the temp in New York City be above 82.99° on Jun 18, 2026 at 10am EDT? || Will the temp in New York City be above 81.99° on Jun 18, 2026 at 10am EDT?",auto_accept,,,,
kalshi_event::KXTRUMPSAY-26JUN22,kalshi,structured_event_metadata,"Will Trump say ""Ballroom"" before Jun 22, 2026?",10,deadline_window,all contracts agree,0,0,10,2026-06-18T13:47:21+00:00 || 2026-06-18T13:47:30+00:00 || 2026-06-18T13:47:39+00:00 || 2026-06-18T13:47:47+00:00 || 2026-06-18T13:47:59+00:00,"Will Trump say ""Ballroom"" before Jun 22, 2026? || Will Trump say ""Mutilation / Mutilization"" before Jun 22, 2026? || Will Trump say ""Hottest"" before Jun 22, 2026? || Will Trump say ""Landslide"" before Jun 22, 2026? || Will Trump say ""Transgender"" before Jun 22, 2026?",separate_analysis,,,,
kalshi_event::KXTRUMPSAYMONTH-26JUL01,kalshi,structured_event_metadata,"Will Trump say ""DEI / Woke"" before Jul 1, 2026?",2,deadline_window,all contracts agree,0,0,2,2026-06-18T13:46:34+00:00 || 2026-06-18T13:46:43+00:00,"Will Trump say ""DEI / Woke"" before Jul 1, 2026? || Will Trump say ""Greenland"" before Jul 1, 2026?",separate_analysis,,,,
kalshi_event::KXTRUMPZELENSKYBILAT-26,kalshi,structured_event_metadata,"Will it be reported by any of the Source Agencies that Donald Trump holds a formal one-on-one bilateral meeting with Volodymyr Zelenskyy during the June 2026 G7 summit in Évian before Jun 18, 2026?",1,deadline_window,all contracts agree,0,0,1,2026-06-18T03:59:00+00:00,"Will it be reported by any of the Source Agencies that Donald Trump holds a formal one-on-one bilateral meeting with Volodymyr Zelenskyy during the June 2026 G7 summit in Évian before Jun 18, 2026?",separate_analysis,,,,
kalshi_event::KXUSIRANMOU-27JAN01,kalshi,structured_event_metadata,"Will the full text of the June 2026 US-Iran memorandum of understanding be released in the world before Jun 20, 2026?",3,deadline_window,all contracts agree,0,0,1,2026-06-18T14:05:35+00:00,"Will the full text of the June 2026 US-Iran memorandum of understanding be released in the world before Jun 20, 2026? || Will the full text of the June 2026 US-Iran memorandum of understanding be released in the world before Jun 19, 2026? || Will the full text of the June 2026 US-Iran memorandum of understanding be released in the world before Jul 1, 2026?",separate_analysis,,,,
kalshi_event::KXVALORANTGAME-26JUN180700FCYTRN,kalshi,structured_event_metadata,Will TrinitY win the Fancy United vs. TrinitY Valorant match?,2,scheduled_absolute,all contracts agree,0,0,1,2026-06-18T14:30:24+00:00,Will TrinitY win the Fancy United vs. TrinitY Valorant match? || Will Fancy United win the Fancy United vs. TrinitY Valorant match?,manual_review,,,,
kalshi_event::KXVALORANTGAME-26JUN180700T1ADRX,kalshi,structured_event_metadata,Will T1 Academy win the T1 Academy vs. DRX Academy Valorant match?,2,scheduled_absolute,all contracts agree,0,0,1,2026-06-18T14:10:18+00:00,Will T1 Academy win the T1 Academy vs. DRX Academy Valorant match? || Will DRX Academy win the T1 Academy vs. DRX Academy Valorant match?,manual_review,,,,
kalshi_event::KXVALORANTGAME-26JUN180900555OAS,kalshi,structured_event_metadata,Will Oasis Gaming win the 555 vs. Oasis Gaming Valorant match?,2,scheduled_absolute,all contracts agree,0,0,1,2026-06-18T15:40:06+00:00,Will Oasis Gaming win the 555 vs. Oasis Gaming Valorant match? || Will 555 win the 555 vs. Oasis Gaming Valorant match?,manual_review,,,,
kalshi_event::KXVALORANTMAP-26JUN180900555OAS-1,kalshi,structured_event_metadata,Will Oasis Gaming win map 1 in the 555 vs. Oasis Gaming match?,2,scheduled_absolute,all contracts agree,0,0,1,2026-06-18T14:30:33+00:00,Will Oasis Gaming win map 1 in the 555 vs. Oasis Gaming match? || Will 555 win map 1 in the 555 vs. Oasis Gaming match?,manual_review,,,,
kalshi_event::KXVALORANTMAP-26JUN180900555OAS-2,kalshi,structured_event_metadata,Will Oasis Gaming win map 2 in the 555 vs. Oasis Gaming match?,2,scheduled_absolute,all contracts agree,0,0,1,2026-06-18T15:25:08+00:00,Will Oasis Gaming win map 2 in the 555 vs. Oasis Gaming match? || Will 555 win map 2 in the 555 vs. Oasis Gaming match?,manual_review,,,,
kalshi_event::KXVBAGAME-26JUN180830NHACHI,kalshi,structured_event_metadata,Nha Trang Dolphins vs Ho Chi Minh City Wings Winner?,2,unclear,all contracts agree,0,0,1,2026-06-18T14:34:45+00:00,Nha Trang Dolphins vs Ho Chi Minh City Wings Winner? || Nha Trang Dolphins vs Ho Chi Minh City Wings Winner?,manual_review,,,,
kalshi_event::KXWNBACCUP-26,kalshi,structured_event_metadata,Will Washington win the 2026 Women's Pro Basketball Commissioner's Cup?,13,unclear,all contracts agree,0,0,3,2026-06-18T15:04:28+00:00 || 2026-06-18T15:04:29+00:00 || 2026-06-18T15:04:30+00:00,Will Washington win the 2026 Women's Pro Basketball Commissioner's Cup? || Will Toronto win the 2026 Women's Pro Basketball Commissioner's Cup? || Will Seattle win the 2026 Women's Pro Basketball Commissioner's Cup? || Will Phoenix win the 2026 Women's Pro Basketball Commissioner's Cup? || Will Portland win the 2026 Women's Pro Basketball Commissioner's Cup?,manual_review,,,,
kalshi_event::KXWT20MATCH-26JUN180730ZIMMAL,kalshi,structured_event_metadata,Malawi vs Zimbabwe High Performance Xi Winner?,2,unclear,all contracts agree,0,0,1,2026-06-18T15:41:28+00:00,Malawi vs Zimbabwe High Performance Xi Winner? || Malawi vs Zimbabwe High Performance Xi Winner?,manual_review,,,,
kalshi_event::KXWTA-26BERLIN,kalshi,structured_event_metadata,Will Karolina Muchova win the Berlin?,3,unclear,all contracts agree,0,0,2,2026-06-18T14:00:39+00:00 || 2026-06-18T15:20:06+00:00,Will Karolina Muchova win the Berlin? || Will Eva Lys win the Berlin? || Will Diane Parry win the Berlin?,manual_review,,,,
kalshi_event::KXWTA-26NOTTIN,kalshi,structured_event_metadata,Will Hannah Klugman win the WTA Nottingham?,2,unclear,all contracts agree,0,0,2,2026-06-18T14:00:39+00:00 || 2026-06-18T15:20:06+00:00,Will Hannah Klugman win the WTA Nottingham? || Will Zeynep Sonmez win the WTA Nottingham?,manual_review,,,,
kalshi_event::KXWTACHALLENGERMATCH-26JUN17VIDMIC,kalshi,structured_event_metadata,Will Darja Vidmanova win the Vidmanova vs Micic: Round Of 16 match?,2,scheduled_absolute,all contracts agree,0,0,1,2026-06-18T14:50:42+00:00,Will Darja Vidmanova win the Vidmanova vs Micic: Round Of 16 match? || Will Elena Micic win the Vidmanova vs Micic: Round Of 16 match?,manual_review,,,,
kalshi_event::KXWTAMATCH-26JUN17KEYMUC,kalshi,structured_event_metadata,Will Karolina Muchova win the Keys vs Muchova: Round Of 16 match?,2,scheduled_absolute,all contracts agree,0,0,1,2026-06-18T15:11:26+00:00,Will Karolina Muchova win the Keys vs Muchova: Round Of 16 match? || Will Madison Keys win the Keys vs Muchova: Round Of 16 match?,manual_review,,,,
kalshi_event::KXWTAMATCH-26JUN18BOUKLU,kalshi,structured_event_metadata,Will Hannah Klugman win the Bouzkova vs Klugman: Round Of 16 match?,2,scheduled_absolute,all contracts agree,0,0,1,2026-06-18T14:50:41+00:00,Will Hannah Klugman win the Bouzkova vs Klugman: Round Of 16 match? || Will Marie Bouzkova win the Bouzkova vs Klugman: Round Of 16 match?,manual_review,,,,
kalshi_event::KXWTASETWINNER-26JUN17ANNPRE-1,kalshi,structured_event_metadata,Will Taylah Preston win set 1 in the Ann Li vs Taylah Preston match,2,scheduled_absolute,all contracts agree,0,0,1,2026-06-18T16:01:49+00:00,Will Taylah Preston win set 1 in the Ann Li vs Taylah Preston match || Will Ann Li win set 1 in the Ann Li vs Taylah Preston match,manual_review,,,,
kalshi_event::KXWTASETWINNER-26JUN17KEYMUC-1,kalshi,structured_event_metadata,Will Karolina Muchova win set 1 in the Madison Keys vs Karolina Muchova match,2,scheduled_absolute,all contracts agree,0,0,1,2026-06-18T14:25:42+00:00,Will Karolina Muchova win set 1 in the Madison Keys vs Karolina Muchova match || Will Madison Keys win set 1 in the Madison Keys vs Karolina Muchova match,manual_review,,,,
kalshi_event::KXWTASETWINNER-26JUN17KEYMUC-2,kalshi,structured_event_metadata,Will Karolina Muchova win set 2 in the Madison Keys vs Karolina Muchova match,2,scheduled_absolute,all contracts agree,0,0,1,2026-06-18T15:12:15+00:00,Will Karolina Muchova win set 2 in the Madison Keys vs Karolina Muchova match || Will Madison Keys win set 2 in the Madison Keys vs Karolina Muchova match,manual_review,,,,
kalshi_event::KXWTASETWINNER-26JUN18BOUKLU-1,kalshi,structured_event_metadata,Will Hannah Klugman win set 1 in the Marie Bouzkova vs Hannah Klugman match,2,scheduled_absolute,all contracts agree,0,0,1,2026-06-18T14:11:05+00:00,Will Hannah Klugman win set 1 in the Marie Bouzkova vs Hannah Klugman match || Will Marie Bouzkova win set 1 in the Marie Bouzkova vs Hannah Klugman match,manual_review,,,,
kalshi_event::KXWTASETWINNER-26JUN18BOUKLU-2,kalshi,structured_event_metadata,Will Hannah Klugman win set 2 in the Marie Bouzkova vs Hannah Klugman match,2,scheduled_absolute,all contracts agree,0,0,1,2026-06-18T14:51:11+00:00,Will Hannah Klugman win set 2 in the Marie Bouzkova vs Hannah Klugman match || Will Marie Bouzkova win set 2 in the Marie Bouzkova vs Hannah Klugman match,manual_review,,,,
kalshi_event::KXWTI-26JUN1714,kalshi,structured_event_metadata,"Will the WTI crude oil settlement price be above 87.99 USD/Bbl on Jun 17, 2026?",15,scheduled_absolute,all contracts agree,15,1,1,2026-06-17T18:30:00+00:00,"Will the WTI crude oil settlement price be above 87.99 USD/Bbl on Jun 17, 2026? || Will the WTI crude oil settlement price be above 86.99 USD/Bbl on Jun 17, 2026? || Will the WTI crude oil settlement price be above 85.99 USD/Bbl on Jun 17, 2026? || Will the WTI crude oil settlement price be above 84.99 USD/Bbl on Jun 17, 2026? || Will the WTI crude oil settlement price be above 83.99 USD/Bbl on Jun 17, 2026?",auto_accept,,,,
kalshi_event::KXXRP-26JUN1810,kalshi,structured_event_metadata,"Ripple price at Jun 18, 2026 at 10am EDT?",75,scheduled_absolute,all contracts agree,75,1,1,2026-06-18T14:00:00+00:00,"Ripple price at Jun 18, 2026 at 10am EDT? || Ripple price at Jun 18, 2026 at 10am EDT? || Ripple price at Jun 18, 2026 at 10am EDT? || Ripple price at Jun 18, 2026 at 10am EDT? || Ripple price at Jun 18, 2026 at 10am EDT?",auto_accept,,,,
kalshi_event::KXXRP-26JUN1811,kalshi,structured_event_metadata,"Ripple price at Jun 18, 2026 at 11am EDT?",75,scheduled_absolute,all contracts agree,75,1,1,2026-06-18T15:00:00+00:00,"Ripple price at Jun 18, 2026 at 11am EDT? || Ripple price at Jun 18, 2026 at 11am EDT? || Ripple price at Jun 18, 2026 at 11am EDT? || Ripple price at Jun 18, 2026 at 11am EDT? || Ripple price at Jun 18, 2026 at 11am EDT?",auto_accept,,,,
kalshi_event::KXXRP15M-26JUN181015,kalshi,structured_event_metadata,XRP price up in next 15 mins?,1,unclear,all contracts agree,0,0,1,2026-06-18T14:15:00+00:00,XRP price up in next 15 mins?,manual_review,,,,
kalshi_event::KXXRP15M-26JUN181030,kalshi,structured_event_metadata,XRP price up in next 15 mins?,1,unclear,all contracts agree,0,0,1,2026-06-18T14:30:00+00:00,XRP price up in next 15 mins?,manual_review,,,,
kalshi_event::KXXRP15M-26JUN181045,kalshi,structured_event_metadata,XRP price up in next 15 mins?,1,unclear,all contracts agree,0,0,1,2026-06-18T14:45:00+00:00,XRP price up in next 15 mins?,manual_review,,,,
kalshi_event::KXXRP15M-26JUN181100,kalshi,structured_event_metadata,XRP price up in next 15 mins?,1,unclear,all contracts agree,0,0,1,2026-06-18T15:00:00+00:00,XRP price up in next 15 mins?,manual_review,,,,
kalshi_event::KXXRP15M-26JUN181115,kalshi,structured_event_metadata,XRP price up in next 15 mins?,1,unclear,all contracts agree,0,0,1,2026-06-18T15:15:00+00:00,XRP price up in next 15 mins?,manual_review,,,,
kalshi_event::KXXRP15M-26JUN181130,kalshi,structured_event_metadata,XRP price up in next 15 mins?,1,unclear,all contracts agree,0,0,1,2026-06-18T15:30:00+00:00,XRP price up in next 15 mins?,manual_review,,,,
kalshi_event::KXXRP15M-26JUN181145,kalshi,structured_event_metadata,XRP price up in next 15 mins?,1,unclear,all contracts agree,0,0,1,2026-06-18T15:45:00+00:00,XRP price up in next 15 mins?,manual_review,,,,
kalshi_event::KXXRP15M-26JUN181200,kalshi,structured_event_metadata,XRP price up in next 15 mins?,1,unclear,all contracts agree,0,0,1,2026-06-18T16:00:00+00:00,XRP price up in next 15 mins?,manual_review,,,,
kalshi_event::KXXRP15M-26JUN181215,kalshi,structured_event_metadata,XRP price up in next 15 mins?,1,unclear,all contracts agree,0,0,1,2026-06-18T16:15:00+00:00,XRP price up in next 15 mins?,manual_review,,,,
kalshi_event::KXXRPD-26JUN1810,kalshi,structured_event_metadata,"Ripple price at Jun 18, 2026 at 10am EDT?",75,scheduled_absolute,all contracts agree,75,1,1,2026-06-18T14:00:00+00:00,"Ripple price at Jun 18, 2026 at 10am EDT? || Ripple price at Jun 18, 2026 at 10am EDT? || Ripple price at Jun 18, 2026 at 10am EDT? || Ripple price at Jun 18, 2026 at 10am EDT? || Ripple price at Jun 18, 2026 at 10am EDT?",auto_accept,,,,
kalshi_event::KXXRPD-26JUN1811,kalshi,structured_event_metadata,"Ripple price at Jun 18, 2026 at 11am EDT?",75,scheduled_absolute,all contracts agree,75,1,1,2026-06-18T15:00:00+00:00,"Ripple price at Jun 18, 2026 at 11am EDT? || Ripple price at Jun 18, 2026 at 11am EDT? || Ripple price at Jun 18, 2026 at 11am EDT? || Ripple price at Jun 18, 2026 at 11am EDT? || Ripple price at Jun 18, 2026 at 11am EDT?",auto_accept,,,,
polymarket_event::101714,polymarket,structured_event_metadata,Gensyn FDV above ___ one day after launch?,7,trigger_relative,all contracts agree,0,0,1,2027-01-01T00:00:00+00:00,Gensyn FDV above $2B one day after launch? || Gensyn FDV above $1B one day after launch? || Gensyn FDV above $400M one day after launch? || Gensyn FDV above $1.5B one day after launch? || Gensyn FDV above $800M one day after launch?,separate_analysis,,,,
polymarket_event::102007,polymarket,structured_event_metadata,SpaceX IPO closing market cap above ___ ?,16,unclear,all contracts agree,0,0,1,2027-12-31T00:00:00+00:00,SpaceX IPO closing market cap above $1.2T? || SpaceX IPO closing market cap above $2.8T? || SpaceX IPO closing market cap above $1.8T? || SpaceX IPO closing market cap above $3.4T? || SpaceX IPO closing market cap above $3.6T?,manual_review,,,,
polymarket_event::102030,polymarket,structured_event_metadata,Solstice FDV above ___ one day after launch?,7,trigger_relative,all contracts agree,0,0,1,2027-01-01T00:00:00+00:00,Solstice FDV above $250M one day after launch? || Solstice FDV above $50M one day after launch? || Solstice FDV above $150M one day after launch? || Solstice FDV above $300M one day after launch? || Solstice FDV above $200M one day after launch?,separate_analysis,,,,
polymarket_event::102740,polymarket,structured_event_metadata,Next CEO of Lululemon?,9,unclear,all contracts agree,0,0,1,2026-12-31T00:00:00+00:00,Will Marti Morfitt be the next CEO of Lululemon? || Will Stephanie Linnartz be the next CEO of Lululemon? || Will Alison Loehnis be the next CEO of Lululemon? || Will Emily White be the next CEO of Lululemon? || Will Teri List be the next CEO of Lululemon?,manual_review,,,,
polymarket_event::103576,polymarket,structured_event_metadata,Will Bitmine announce that it holds more than ___ ETH before 2027?,1,unclear,all contracts agree,0,0,1,2027-01-01T00:00:00+00:00,Will Bitmine announce that it holds more than 5M ETH before 2027?,manual_review,,,,
polymarket_event::103763,polymarket,structured_event_metadata,Next Prime Minister of Thailand,7,unclear,all contracts agree,0,0,1,2026-12-31T00:00:00+00:00,Will Prawit Wongsuwan be the next prime minister of Thailand? || Will Julapun Amornvivat be the next prime minister of Thailand? || Will Yodchanan Wongsawat be the next prime minister of Thailand? || Will Natthaphong Ruengpanyawut be the next prime minister of Thailand? || Will Chaikasem Nitisiri be the next prime minister of Thailand?,manual_review,,,,
polymarket_event::104392,polymarket,structured_event_metadata,What will SpaceX's public ticker be?,9,unclear,all contracts agree,0,0,1,2027-12-31T00:00:00+00:00,Will SpaceX's public ticker be $STAR? || Will SpaceX's public ticker be $X? || Will SpaceX's public ticker be $MARS? || Will SpaceX's public ticker be $SPAX? || Will SpaceX's public ticker be another ticker?,manual_review,,,,
polymarket_event::105864,polymarket,structured_event_metadata,US civil war before 2027?,1,unclear,all contracts agree,0,0,1,2026-12-31T00:00:00+00:00,US civil war before 2027?,manual_review,,,,
polymarket_event::106152,polymarket,structured_event_metadata,Octra FDV above ___ one day after launch?,5,trigger_relative,all contracts agree,0,0,1,2027-01-01T00:00:00+00:00,Octra FDV above $200M one day after launch? || Octra FDV above $100M one day after launch? || Octra FDV above $30M one day after launch? || Octra FDV above $300M one day after launch? || Octra FDV above $400M one day after launch?,separate_analysis,,,,
polymarket_event::106176,polymarket,structured_event_metadata,Will Daylight launch a token by ___?,2,deadline_window,all contracts agree,0,0,1,2027-01-01T00:00:00+00:00,"Will Daylight launch a token by December 31, 2025? || Will Daylight launch a token by March 31, 2026?",separate_analysis,,,,
polymarket_event::107569,polymarket,structured_event_metadata,Will the AAVE token alignment proposal pass?,1,unclear,all contracts agree,0,0,1,2027-01-01T00:00:00+00:00,Will the AAVE token alignment proposal pass?,manual_review,,,,
polymarket_event::108522,polymarket,structured_event_metadata,AI data center moratorium passed before 2027?,1,unclear,all contracts agree,0,0,1,2026-12-31T00:00:00+00:00,AI data center moratorium passed before 2027?,manual_review,,,,
polymarket_event::110515,polymarket,structured_event_metadata,Will Trove launch a token by ___?,4,deadline_window,all contracts agree,0,0,1,2027-01-01T00:00:00+00:00,"Will Trove launch a token by September 30, 2026? || Will Trove launch a token by March 31, 2026? || Will Trove launch a token by June 30, 2026? || Will Trove launch a token by December 31, 2026?",separate_analysis,,,,
polymarket_event::112071,polymarket,structured_event_metadata,Trove FDV above ___ one day after launch?,8,trigger_relative,all contracts agree,0,0,1,2027-01-01T00:00:00+00:00,Trove FDV above $80M one day after launch? || Trove FDV above $100M one day after launch? || Trove FDV above $20M one day after launch? || Trove FDV above $2M one day after launch? || Trove FDV above $5M one day after launch?,separate_analysis,,,,
polymarket_event::115614,polymarket,structured_event_metadata,Kodiak FDV above ___ one day after launch?,5,trigger_relative,all contracts agree,0,0,1,2027-01-01T00:00:00+00:00,Kodiak FDV above $25M one day after launch? || Kodiak FDV above $100M one day after launch? || Kodiak FDV above $200M one day after launch? || Kodiak FDV above $150M one day after launch? || Kodiak FDV above $50M one day after launch?,separate_analysis,,,,
polymarket_event::117810,polymarket,structured_event_metadata,"SpaceX goes public through Bill Ackman ""SPAR"" company?",1,unclear,all contracts agree,0,0,1,2026-12-31T00:00:00+00:00,"SpaceX goes public through Bill Ackman ""SPAR"" company?",manual_review,,,,
polymarket_event::118455,polymarket,structured_event_metadata,ECB rate hike in 2026?,1,deadline_window,all contracts agree,0,0,1,2026-12-31T00:00:00+00:00,ECB rate hike in 2026?,separate_analysis,,,,
polymarket_event::121853,polymarket,structured_event_metadata,Which artists will release new albums in 2026?,7,deadline_window,all contracts agree,0,0,1,2026-12-31T00:00:00+00:00,Will A$AP Rocky release an album in 2026? || Will Nettspend release an album in 2026? || Will Luke Combs release an album in 2026? || Will Harry Styles release an album in 2026? || Will Drake release an album in 2026?,separate_analysis,,,,
polymarket_event::123568,polymarket,structured_event_metadata,Lead Bank in SpaceX’s IPO?,9,unclear,all contracts agree,0,0,1,2027-12-31T00:00:00+00:00,Will Wells Fargo or any of its underwriting affiliates serve as the lead underwriter in SpaceX’s initial public offering? || Will Deutsche Bank or any of its underwriting affiliates serve as the lead underwriter in SpaceX’s initial public offering? || Will Barclays or any of its underwriting affiliates serve as the lead underwriter in SpaceX’s initial public offering? || Will Morgan Stanley or any of its underwriting affiliates serve as the lead underwriter in SpaceX’s initial public offering? || Will Bank of America or any of its underwriting affiliates serve as the lead underwriter in SpaceX’s initial public offering?,manual_review,,,,
polymarket_event::127082,polymarket,structured_event_metadata,Will Nansen launch a token by ___?,1,deadline_window,all contracts agree,0,0,1,2027-01-01T00:00:00+00:00,"Will Nansen launch a token by March 31, 2026?",separate_analysis,,,,
polymarket_event::127091,polymarket,structured_event_metadata,Will ETHGAS launch a token by ___?,4,deadline_window,all contracts agree,0,0,1,2027-01-01T00:00:00+00:00,"Will ETHGAS launch a token by March 31, 2026? || Will ETHGAS launch a token by December 31, 2026? || Will ETHGAS launch a token by September 30, 2026? || Will ETHGAS launch a token by June 30, 2026?",separate_analysis,,,,
polymarket_event::127100,polymarket,structured_event_metadata,Will Loopscale launch a token by ___?,1,deadline_window,all contracts agree,0,0,1,2027-01-01T00:00:00+00:00,"Will Loopscale launch a token by March 31, 2026?",separate_analysis,,,,
polymarket_event::127101,polymarket,structured_event_metadata,Will Titan launch a token by ___?,1,deadline_window,all contracts agree,0,0,1,2027-01-01T00:00:00+00:00,"Will Titan launch a token by March 31, 2026?",separate_analysis,,,,
polymarket_event::127102,polymarket,structured_event_metadata,Will Oro launch a token by ___?,1,deadline_window,all contracts agree,0,0,1,2027-01-01T00:00:00+00:00,"Will Oro launch a token by March 31, 2026?",separate_analysis,,,,
polymarket_event::127107,polymarket,structured_event_metadata,Will Perena launch a token by ___?,1,deadline_window,all contracts agree,0,0,1,2027-01-01T00:00:00+00:00,"Will Perena launch a token by March 31, 2026?",separate_analysis,,,,
polymarket_event::127108,polymarket,structured_event_metadata,Will Exponent launch a token by ___?,1,deadline_window,all contracts agree,0,0,1,2027-01-01T00:00:00+00:00,"Will Exponent launch a token by March 31, 2026?",separate_analysis,,,,
polymarket_event::131190,polymarket,structured_event_metadata,Brevis FDV above ___ one day after launch?,9,trigger_relative,all contracts agree,0,0,1,2027-01-01T00:00:00+00:00,Brevis FDV above $1B one day after launch? || Brevis FDV above $200M one day after launch? || Brevis FDV above $600M one day after launch? || Brevis FDV above $400M one day after launch? || Brevis FDV above $100M one day after launch?,separate_analysis,,,,
polymarket_event::131229,polymarket,structured_event_metadata,Stablecoins depeg before 2027?,1,deadline_window,all contracts agree,0,0,1,2027-01-01T00:00:00+00:00,USR depeg by December 31?,separate_analysis,,,,
polymarket_event::131313,polymarket,structured_event_metadata,Infinex public sale total commitments?,10,unclear,all contracts agree,0,0,1,2027-01-01T00:00:00+00:00,Over $2M committed to the Infinex public sale? || Over $5M committed to the Infinex public sale? || Over $20M committed to the Infinex public sale? || Over $40M committed to the Infinex public sale? || Over $100M committed to the Infinex public sale?,manual_review,,,,
polymarket_event::131438,polymarket,structured_event_metadata,Lighter FDV above ___ one day after launch? (2026),6,trigger_relative,all contracts agree,0,0,1,2027-01-01T00:00:00+00:00,Lighter FDV above $5B one day after launch? || Lighter FDV above $3B one day after launch? || Lighter FDV above $1B one day after launch? || Lighter FDV above $4B one day after launch? || Lighter FDV above $6B one day after launch?,separate_analysis,,,,
polymarket_event::131448,polymarket,structured_event_metadata,What day will the Lighter airdrop be? (2026),12,scheduled_absolute,majority rule: 10/12 contracts,2,0,1,2027-01-01T00:00:00+00:00,Lighter Airdrop on January 2? || Lighter Airdrop on January 9? || Lighter Airdrop on January 6? || Lighter Airdrop on January 10? || Lighter Airdrop on January 8?,manual_review,,,,
polymarket_event::131517,polymarket,structured_event_metadata,Who will become a UFC champion in 2026?,1,deadline_window,all contracts agree,0,0,1,2026-12-31T00:00:00+00:00,Will Sean Strickland become UFC champion in 2026?,separate_analysis,,,,
polymarket_event::133604,polymarket,structured_event_metadata,What price will Lighter hit in 2026?,3,unclear,all contracts agree,0,0,1,2027-01-01T00:00:00+00:00,Will Lighter dip to $1.5 before 2027? || Will Lighter dip to $1 before 2027? || Will Lighter dip to $2 before 2027?,manual_review,,,,
polymarket_event::133657,polymarket,structured_event_metadata,"Will MicroStrategy announce holding ___ BTC by December 31, 2026?",1,deadline_window,all contracts agree,0,0,1,2027-01-01T00:00:00+00:00,"Will MicroStrategy announce holding 800k+ BTC by December 31, 2026?",separate_analysis,,,,
polymarket_event::133675,polymarket,structured_event_metadata,Opinion FDV above ___ one day after launch?,11,trigger_relative,all contracts agree,0,0,1,2027-01-01T00:00:00+00:00,Opinion FDV above $250M one day after launch? || Opinion FDV above $800M one day after launch? || Opinion FDV above $600M one day after launch? || Opinion FDV above $4B one day after launch? || Opinion FDV above $2B one day after launch?,separate_analysis,,,,
polymarket_event::133689,polymarket,structured_event_metadata,Rainbow FDV above ___ one day after launch?,8,trigger_relative,all contracts agree,0,0,1,2027-01-01T00:00:00+00:00,Rainbow FDV above $800M one day after launch? || Rainbow FDV above $200M one day after launch? || Rainbow FDV above $400M one day after launch? || Rainbow FDV above $600M one day after launch? || Rainbow FDV above $100M one day after launch?,separate_analysis,,,,
polymarket_event::133720,polymarket,structured_event_metadata,Hyperliquid listed on Coinbase before 2027?,1,unclear,all contracts agree,0,0,1,2027-01-01T00:00:00+00:00,Hyperliquid listed on Coinbase before 2027?,manual_review,,,,
polymarket_event::133755,polymarket,structured_event_metadata,Will Rabby launch a token by ___?,1,deadline_window,all contracts agree,0,0,1,2027-01-01T00:00:00+00:00,"Will Rabby launch a token by March 31, 2026?",separate_analysis,,,,
polymarket_event::133760,polymarket,structured_event_metadata,Will Phantom launch a token by ___?,1,deadline_window,all contracts agree,0,0,1,2027-01-01T00:00:00+00:00,"Will Phantom launch a token by March 31, 2026?",separate_analysis,,,,
polymarket_event::134977,polymarket,structured_event_metadata,How many 7.0 or above earthquakes in 2026?,1,deadline_window,all contracts agree,0,0,1,2026-12-31T00:00:00+00:00,Will there be fewer than 5 earthquakes of magnitude 7.0 or higher worldwide in 2026?,separate_analysis,,,,
polymarket_event::135516,polymarket,structured_event_metadata,What floor price will CryptoPunks hit before 2027?,1,unclear,all contracts agree,0,0,1,2027-01-01T00:00:00+00:00,Will CryptoPunks floor price reach 30 ETH before 2027?,manual_review,,,,
polymarket_event::137398,polymarket,structured_event_metadata,Next Chelsea Manager,7,unclear,all contracts agree,0,0,1,2026-12-31T00:00:00+00:00,Will Xavi Hernandez be the next Chelsea manager? || Will Cesc Fabregas be the next Chelsea manager? || Will Oliver Glasner be the next Chelsea manager? || Will Andoni Iraola be the next Chelsea manager? || Will Robert De Zerbi be the next Chelsea manager?,manual_review,,,,
polymarket_event::138745,polymarket,structured_event_metadata,Will any AI model reach ___ Overall Arena Score by December 31?,1,deadline_window,all contracts agree,0,0,1,2026-12-31T00:00:00+00:00,Will any AI model reach a Chatbot Arena score of at least 1500 by December 31?,separate_analysis,,,,
polymarket_event::139444,polymarket,structured_event_metadata,Ethereum flipped in 2026?,1,deadline_window,all contracts agree,0,0,1,2027-01-01T00:00:00+00:00,Ethereum flipped in 2026?,separate_analysis,,,,
polymarket_event::139881,polymarket,structured_event_metadata,Will Lionel Messi announce his retirement in 2026?,1,deadline_window,all contracts agree,0,0,1,2026-12-31T00:00:00+00:00,Will Lionel Messi announce his retirement in 2026?,separate_analysis,,,,
polymarket_event::143642,polymarket,structured_event_metadata,US strike on Mexico by...?,2,deadline_window,all contracts agree,0,0,1,2026-12-31T00:00:00+00:00,US strike on Mexico by January 31? || US strike on Mexico by March 31?,separate_analysis,,,,
polymarket_event::143669,polymarket,structured_event_metadata,US military action against Cuba by...?,2,deadline_window,all contracts agree,0,0,1,2026-12-31T00:00:00+00:00,US strike on Cuba by January 31? || US strike on Cuba by March 31?,separate_analysis,,,,
polymarket_event::145075,polymarket,structured_event_metadata,Will Flying Tulip launch a token by ___?,4,deadline_window,all contracts agree,0,0,1,2027-01-01T00:00:00+00:00,"Will Flying Tulip launch a token by September 30, 2026? || Will Flying Tulip launch a token by March 31, 2026? || Will Flying Tulip launch a token by December 31, 2026? || Will Flying Tulip launch a token by June 30, 2026?",separate_analysis,,,,
polymarket_event::145648,polymarket,structured_event_metadata,Jerome Powell out of Fed Board by…?,1,deadline_window,all contracts agree,0,0,1,2026-12-31T00:00:00+00:00,Jerome Powell out from Fed Board by May 30?,separate_analysis,,,,
polymarket_event::145731,polymarket,structured_event_metadata,Next leader out of power before 2027?,27,unclear,all contracts agree,0,0,1,2026-12-31T00:00:00+00:00,Will no listed leader be out before 2027? || Will Friedrich Merz be the next leader out before 2027? || Will Vladimir Putin be the next leader out before 2027? || Will Benjamin Netanyahu be the next leader out before 2027? || Will Anthony Albanese be the next leader out before 2027?,manual_review,,,,
polymarket_event::145887,polymarket,structured_event_metadata,Trove public sale total commitments?,9,unclear,all contracts agree,0,0,1,2027-01-01T00:00:00+00:00,Over $2M committed to the Trove public sale? || Over $4M committed to the Trove public sale? || Over $10M committed to the Trove public sale? || Over $8M committed to the Trove public sale? || Over $25M committed to the Trove public sale?,manual_review,,,,
polymarket_event::145906,polymarket,structured_event_metadata,Next Manchester United manager?,12,unclear,all contracts agree,0,0,1,2026-12-31T00:00:00+00:00,Will Darren Fletcher be appointed as manager of Manchester United? || Will Oliver Glasner be appointed as manager of Manchester United? || Will Michael Carrick be appointed as manager of Manchester United? || Will Gareth Southgate be appointed as manager of Manchester United? || Will Luis Enrique be appointed as manager of Manchester United?,manual_review,,,,
polymarket_event::145911,polymarket,structured_event_metadata,"Viktor Orbán out by December 31, 2026?",1,deadline_window,all contracts agree,0,0,1,2026-12-31T00:00:00+00:00,"Viktor Orbán out by December 31, 2026?",separate_analysis,,,,
polymarket_event::145985,polymarket,structured_event_metadata,Insurrection Act invoked by...?,3,deadline_window,all contracts agree,0,0,1,2026-12-31T00:00:00+00:00,Insurrection Act invoked by January 31? || Insurrection Act invoked by March 31? || Insurrection Act invoked by April 30?,separate_analysis,,,,
polymarket_event::147394,polymarket,structured_event_metadata,Any EU nation's debt downgraded before 2027?,1,unclear,all contracts agree,0,0,1,2026-12-31T00:00:00+00:00,Any EU nation's debt downgraded before 2027?,manual_review,,,,
polymarket_event::147463,polymarket,structured_event_metadata,Who will win a Calendar Grand Slam in 2026?,10,deadline_window,all contracts agree,0,0,1,2026-12-31T00:00:00+00:00,Will Ben Shelton win a calendar Grand Slam in 2026? || Will Nick Kyrgios win a calendar Grand Slam in 2026? || Will Jannik Sinner win a calendar Grand Slam in 2026? || Will Alexander Zverev win a calendar Grand Slam in 2026? || Will Taylor Fritz win a calendar Grand Slam in 2026?,separate_analysis,,,,
polymarket_event::147521,polymarket,structured_event_metadata,Space public sale total commitments?,8,unclear,all contracts agree,0,0,1,2027-01-01T00:00:00+00:00,Over $18M committed to the Space public sale? || Over $26M committed to the Space public sale? || Over $20M committed to the Space public sale? || Over $30M committed to the Space public sale? || Over $22M committed to the Space public sale?,manual_review,,,,
polymarket_event::147523,polymarket,structured_event_metadata,Space FDV above ___ one day after launch?,10,trigger_relative,all contracts agree,0,0,1,2027-01-01T00:00:00+00:00,Space FDV above $120M one day after launch? || Space FDV above $100M one day after launch? || Space FDV above $80M one day after launch? || Space FDV above $200M one day after launch? || Space FDV above $40M one day after launch?,separate_analysis,,,,
polymarket_event::147778,polymarket,structured_event_metadata,Will Trump and Machado share the Nobel Peace Prize?,1,unclear,all contracts agree,0,0,1,2026-12-31T00:00:00+00:00,Will Trump and Machado share the Nobel Peace Prize?,manual_review,,,,
polymarket_event::148000,polymarket,structured_event_metadata,Who will win a women's Calendar Grand Slam in 2026?,16,deadline_window,all contracts agree,0,0,1,2026-12-31T00:00:00+00:00,Will Emma Raducanu win a Calendar Grand Slam in 2026? || Will Mirra Andreeva win a Calendar Grand Slam in 2026? || Will Coco Gauff win a Calendar Grand Slam in 2026? || Will Elina Svitolina win a Calendar Grand Slam in 2026? || Will Victoria Azarenka win a Calendar Grand Slam in 2026?,separate_analysis,,,,
polymarket_event::148014,polymarket,structured_event_metadata,What will S&P 500 (SPX) hit by end of December?,4,unclear,all contracts agree,0,0,1,2026-12-31T00:00:00+00:00,"Will S&P 500 (SPX) hit $6,600 (LOW) in December? || Will S&P 500 (SPX) hit $6,400 (LOW) in December? || Will S&P 500 (SPX) hit $7,400 (HIGH) in December? || Will S&P 500 (SPX) hit $7,600 (HIGH) in December?",manual_review,,,,
polymarket_event::148239,polymarket,structured_event_metadata,Will the US capture Khamenei before 2027?,1,unclear,all contracts agree,0,0,1,2026-12-31T00:00:00+00:00,Will the US capture Khamenei before 2027?,manual_review,,,,
polymarket_event::148353,polymarket,structured_event_metadata,Xabi Alonso out as Real Madrid Manager in 2026?,1,deadline_window,all contracts agree,0,0,1,2026-12-31T00:00:00+00:00,Xabi Alonso out as Real Madrid Manager in 2026?,separate_analysis,,,,
polymarket_event::148423,polymarket,structured_event_metadata,Will Venezuelan crude oil production reach __ barrels per day in 2026?,1,deadline_window,all contracts agree,0,0,1,2027-02-28T00:00:00+00:00,Will Venezuelan crude oil production reach 1m barrels per day in 2026?,separate_analysis,,,,
polymarket_event::149775,polymarket,structured_event_metadata,Which artists will have a Billboard #1 song this year?,5,deadline_window,all contracts agree,0,0,1,2026-12-31T00:00:00+00:00,Will Bad Bunny have a #1 song on the Billboard Hot 100 in 2026? || Will Harry Styles have a #1 song on the Billboard Hot 100 in 2026? || Will Olivia Rodrigo have a #1 song on the Billboard Hot 100 in 2026? || Will Drake have a #1 song on the Billboard Hot 100 in 2026? || Will Ariana Grande have a #1 song on the Billboard Hot 100 in 2026?,separate_analysis,,,,
polymarket_event::149845,polymarket,structured_event_metadata,How many albums will reach Billboard #1 in 2026?,2,deadline_window,all contracts agree,0,0,1,2026-12-31T00:00:00+00:00,Will fewer than 10 albums be ranked #1 on the Billboard 200 in 2026? || Will between 10 and 12 albums be ranked #1 on the Billboard 200 in 2026?,separate_analysis,,,,
polymarket_event::151953,polymarket,structured_event_metadata,US/Israel strikes Iran by...?,11,deadline_window,all contracts agree,0,0,1,2026-12-31T00:00:00+00:00,"Will US or Israel strike Iran by January 10, 2026? || Will US or Israel strike Iran by January 11, 2026? || Will US or Israel strike Iran by February 15, 2026? || Will US or Israel strike Iran by January 31, 2026? || Will US or Israel strike Iran by January 8, 2026?",separate_analysis,,,,
polymarket_event::152123,polymarket,structured_event_metadata,Khamenei visits Russia by...?,2,deadline_window,all contracts agree,0,0,1,2026-12-31T00:00:00+00:00,Will Khamenei visit Russia by March 31? || Will Khamenei visit Russia by June 30?,separate_analysis,,,,
polymarket_event::153513,polymarket,structured_event_metadata,Will Tria launch a token by ___?,4,deadline_window,all contracts agree,0,0,1,2027-01-01T00:00:00+00:00,"Will Tria launch a token by June 30, 2026? || Will Tria launch a token by March 31, 2026? || Will Tria launch a token by September 30, 2026? || Will Tria launch a token by December 31, 2026?",separate_analysis,,,,
polymarket_event::153755,polymarket,structured_event_metadata,Next Country US Strikes,12,unclear,all contracts agree,0,0,1,2026-12-31T00:00:00+00:00,Will the US strike Mexico next? || Will the US strike Yemen next? || Will the US strike another country first? || Will the US strike Iraq next? || Will the US strike Nigeria next?,manual_review,,,,
polymarket_event::153927,polymarket,structured_event_metadata,Flying Tulip FDV above ___ one day after launch?,6,trigger_relative,all contracts agree,0,0,1,2027-01-01T00:00:00+00:00,Flying Tulip FDV above $1B one day after launch? || Flying Tulip FDV above $400M one day after launch? || Flying Tulip FDV above $2.5B one day after launch? || Flying Tulip FDV above $1.5B one day after launch? || Flying Tulip FDV above $2B one day after launch?,separate_analysis,,,,
polymarket_event::153936,polymarket,structured_event_metadata,Immunefi FDV above ___ one day after launch?,7,trigger_relative,all contracts agree,0,0,1,2027-01-01T00:00:00+00:00,Immunefi FDV above $1B one day after launch? || Immunefi FDV above $800M one day after launch? || Immunefi FDV above $1.2B one day after launch? || Immunefi FDV above $600M one day after launch? || Immunefi FDV above $400M one day after launch?,separate_analysis,,,,
polymarket_event::155674,polymarket,structured_event_metadata,Will Tread launch a token by ___?,1,deadline_window,all contracts agree,0,0,1,2027-01-01T00:00:00+00:00,"Will Tread launch a token by March 31, 2026?",separate_analysis,,,,
polymarket_event::156618,polymarket,structured_event_metadata,Next Country US Strikes,12,unclear,all contracts agree,0,0,1,2026-12-31T00:00:00+00:00,Will the US strike Cuba nex || Will the US strike Iran next? || Will the US strike Mexico next? || Will the US strike Nigeria next? || Will the US strike Venezuela next?,manual_review,,,,
polymarket_event::158299,polymarket,structured_event_metadata,US forces enter Iran by..?,1,deadline_window,all contracts agree,0,0,1,2026-12-31T00:00:00+00:00,US forces enter Iran by December 31?,separate_analysis,,,,
polymarket_event::159929,polymarket,structured_event_metadata,Seeker FDV above ___ one day after launch?,8,trigger_relative,all contracts agree,0,0,1,2027-01-01T00:00:00+00:00,Seeker FDV above $600M one day after launch? || Seeker FDV above $200M one day after launch? || Seeker FDV above $400M one day after launch? || Seeker FDV above $50M one day after launch? || Seeker FDV above $1B one day after launch?,separate_analysis,,,,
polymarket_event::161660,polymarket,structured_event_metadata,Will Hylo launch a token by ___?,1,deadline_window,all contracts agree,0,0,1,2027-01-01T00:00:00+00:00,"Will Hylo launch a token by March 31, 2026?",separate_analysis,,,,
polymarket_event::161668,polymarket,structured_event_metadata,ETHGAS FDV above ___ one day after launch?,10,trigger_relative,all contracts agree,0,0,1,2027-01-01T00:00:00+00:00,ETHGAS FDV above $800M one day after launch? || ETHGAS FDV above $1B one day after launch? || ETHGAS FDV above $600M one day after launch? || ETHGAS FDV above $400M one day after launch? || ETHGAS FDV above $100M one day after launch?,separate_analysis,,,,
polymarket_event::16167,polymarket,structured_event_metadata,MicroStrategy sells any Bitcoin by ___ ?,1,deadline_window,all contracts agree,0,0,1,2027-01-01T00:00:00+00:00,"MicroStrategy sells any Bitcoin by December 31, 2026?",separate_analysis,,,,
polymarket_event::161687,polymarket,structured_event_metadata,Owlto FDV above ___ one day after launch?,10,trigger_relative,all contracts agree,0,0,1,2027-01-01T00:00:00+00:00,Owlto FDV above $1B one day after launch? || Owlto FDV above $800M one day after launch? || Owlto FDV above $200M one day after launch? || Owlto FDV above $100M one day after launch? || Owlto FDV above $400M one day after launch?,separate_analysis,,,,
polymarket_event::16180,polymarket,structured_event_metadata,Maduro out by...?,1,deadline_window,all contracts agree,0,0,1,2026-12-31T00:00:00+00:00,"Maduro out by December 31, 2026?",separate_analysis,,,,
polymarket_event::161872,polymarket,structured_event_metadata,Zama auction clearing price,15,unclear,all contracts agree,0,0,1,2027-01-01T00:00:00+00:00,Zama auction clearing price above $0.18? || Zama auction clearing price above $0.40? || Zama auction clearing price above $0.05? || Zama auction clearing price above $0.07? || Zama auction clearing price above $0.30?,manual_review,,,,
polymarket_event::162167,polymarket,structured_event_metadata,Next Country US Strikes,12,unclear,all contracts agree,0,0,1,2026-12-31T00:00:00+00:00,Will the US strike Syria next? || Will the US strike Somalia next? || Will the US strike Nigeria next? || Will the US strike Yemen next? || Will the US strike another country first?,manual_review,,,,
polymarket_event::162173,polymarket,structured_event_metadata,Bitcoin daily candle change in 2026?,14,deadline_window,all contracts agree,0,0,1,2027-01-01T00:00:00+00:00,Bitcoin 9% daily candle change in 2026? || Bitcoin -11% daily candle change in 2026? || Bitcoin 8% daily candle change in 2026? || Bitcoin 12% daily candle change in 2026? || Bitcoin 11% daily candle change in 2026?,separate_analysis,,,,
polymarket_event::162276,polymarket,structured_event_metadata,How many senators will vote for Trump's Fed chair nominee?,13,unclear,majority rule: 12/13 contracts,0,0,1,2026-12-31T00:00:00+00:00,Will 52 senators vote “Yea” for Trump’s Fed Chair nominee? || Will 56 senators vote “Yea” for Trump’s Fed Chair nominee? || Will 49 or fewer senators vote “Yea” for Trump’s Fed Chair nominee? || Will 53 senators vote “Yea” for Trump’s Fed Chair nominee? || Will 50 senators vote “Yea” for Trump’s Fed Chair nominee?,manual_review,,,,
polymarket_event::164114,polymarket,structured_event_metadata,Kadyrov out as Head of the Chechen Republic by...?,1,deadline_window,all contracts agree,0,0,1,2026-12-31T00:00:00+00:00,"Kadyrov out as Head of the Chechen Republic by March 31, 2026?",separate_analysis,,,,
polymarket_event::164589,polymarket,structured_event_metadata,What will Hyperliquid HIP-3 open interest reach in 2026?,3,deadline_window,all contracts agree,0,0,1,2027-01-01T00:00:00+00:00,Will Hyperliquid HIP-3 open interest hit $1B in 2026? || Will Hyperliquid HIP-3 open interest hit $2B in 2026? || Will Hyperliquid HIP-3 open interest hit $3B in 2026?,separate_analysis,,,,
polymarket_event::174498,polymarket,structured_event_metadata,CDC issues Level 3 warning by December 31?,1,deadline_window,all contracts agree,0,0,1,2026-12-31T00:00:00+00:00,CDC issues Level 3 warning by December 31?,separate_analysis,,,,
polymarket_event::174803,polymarket,structured_event_metadata,Elsa FDV above ___ one day after launch?,5,trigger_relative,all contracts agree,0,0,1,2027-01-01T00:00:00+00:00,Elsa FDV above $20M one day after launch? || Elsa FDV above $200M one day after launch? || Elsa FDV above $300M one day after launch? || Elsa FDV above $100M one day after launch? || Elsa FDV above $50M one day after launch?,separate_analysis,,,,
polymarket_event::174976,polymarket,structured_event_metadata,Hyperlend FDV above ___ one day after launch?,5,trigger_relative,all contracts agree,0,0,1,2027-01-01T00:00:00+00:00,Hyperlend FDV above $50M one day after launch? || Hyperlend FDV above $20M one day after launch? || Hyperlend FDV above $200M one day after launch? || Hyperlend FDV above $300M one day after launch? || Hyperlend FDV above $100M one day after launch?,separate_analysis,,,,
polymarket_event::175155,polymarket,structured_event_metadata,Will Zendaya and Tom Holland get married by December 31?,1,deadline_window,all contracts agree,0,0,1,2026-12-31T00:00:00+00:00,Will Zendaya and Tom Holland get married by December 31?,separate_analysis,,,,
polymarket_event::175465,polymarket,structured_event_metadata,Will Dua Lipa and Callum Turner get married by December 31?,1,deadline_window,all contracts agree,0,0,1,2026-12-31T00:00:00+00:00,Will Dua Lipa and Callum Turner get married by December 31?,separate_analysis,,,,
polymarket_event::175504,polymarket,structured_event_metadata,Bitway public sale total commitments?,7,unclear,all contracts agree,0,0,1,2027-01-01T00:00:00+00:00,Over $3M committed to the Bitway public sale? || Over $5M committed to the Bitway public sale? || Over $7M committed to the Bitway public sale? || Over $10M committed to the Bitway public sale? || Over $2M committed to the Bitway public sale?,manual_review,,,,
polymarket_event::175521,polymarket,structured_event_metadata,Sol Raffle public sale total commitments?,6,unclear,all contracts agree,0,0,1,2027-01-01T00:00:00+00:00,Over $4M committed to the Sol Raffle public sale? || Over $500K committed to the Sol Raffle public sale? || Over $1M committed to the Sol Raffle public sale? || Over $2M committed to the Sol Raffle public sale? || Over $3M committed to the Sol Raffle public sale?,manual_review,,,,
polymarket_event::176745,polymarket,structured_event_metadata,Predicted Fed rate under each Fed Chair,7,deadline_window,majority rule: 6/7 contracts,0,0,1,2026-12-31T00:00:00+00:00,Will Rick Rieder be confirmed as Fed Chair and will rates hit 2.5% or lower in 2026? || Will Rick Rieder be confirmed as Fed Chair and will rates stay above 2.5% in 2026? || Will Christopher Waller be confirmed as Fed Chair and will rates stay above 2.5% in 2026? || Will Kevin Hassett be confirmed as Fed Chair and will rates hit 2.5% or lower in 2026? || Will Christopher Waller be confirmed as Fed Chair and will rates hit 2.5% or lower in 2026?,separate_analysis,,,,
polymarket_event::179766,polymarket,structured_event_metadata,Bitcoin below MicroStrategy average buy price in 2026?,1,deadline_window,all contracts agree,0,0,1,2027-01-01T00:00:00+00:00,Bitcoin below MicroStrategy average buy price in 2026?,separate_analysis,,,,
polymarket_event::181347,polymarket,structured_event_metadata,Will edgeX launch a token by ___?,4,deadline_window,all contracts agree,0,0,1,2027-01-01T00:00:00+00:00,"Will EdgeX launch a token by March 31, 2026? || Will EdgeX launch a token by December 31, 2026? || Will EdgeX launch a token by June 30, 2026? || Will EdgeX launch a token by September 30, 2026?",separate_analysis,,,,
polymarket_event::183698,polymarket,structured_event_metadata,SpaceX IPO by ___ ?,2,deadline_window,all contracts agree,0,0,1,2026-12-31T00:00:00+00:00,"Will SpaceX IPO by March 31, 2026? || Will SpaceX IPO by December 31, 2026?",separate_analysis,,,,
polymarket_event::183726,polymarket,structured_event_metadata,SpaceX IPO Closing Market Cap (Lower Strikes),8,unclear,majority rule: 7/8 contracts,0,0,1,2027-12-31T00:00:00+00:00,"Will SpaceX not IPO by December 31, 2027? || Will SpaceX's market cap be greater than $2.0T at market close on IPO day? || Will SpaceX's market cap be less than $1.0T at market close on IPO day? || Will SpaceX's market cap be between $1.6T and $1.8T at market close on IPO day? || Will SpaceX's market cap be between $1.8T and $2.0T at market close on IPO day?",manual_review,,,,
polymarket_event::184020,polymarket,structured_event_metadata,Will Binance launch stock tokens in 2026?,1,deadline_window,all contracts agree,0,0,1,2027-01-01T00:00:00+00:00,Will Binance launch stock tokens in 2026?,separate_analysis,,,,
polymarket_event::184050,polymarket,structured_event_metadata,Next Country US Strikes,12,unclear,all contracts agree,0,0,1,2026-12-31T00:00:00+00:00,Will the US not strike another country before 2027? || Will the US strike Venezuela next? || Will the US strike Cuba next? || Will the US strike Iraq next? || Will the US strike Syria next?,manual_review,,,,
polymarket_event::186419,polymarket,structured_event_metadata,Moonbirds FDV above ___ one day after launch?,8,trigger_relative,all contracts agree,0,0,1,2027-01-01T00:00:00+00:00,Moonbirds FDV above $700M one day after launch? || Moonbirds FDV above $500M one day after launch? || Moonbirds FDV above $600M one day after launch? || Moonbirds FDV above $400M one day after launch? || Moonbirds FDV above $50M one day after launch?,separate_analysis,,,,
polymarket_event::188561,polymarket,structured_event_metadata,Will Dreamcash launch a token by ___?,1,deadline_window,all contracts agree,0,0,1,2027-01-01T00:00:00+00:00,"Will Dreamcash launch a token by March 31, 2026?",separate_analysis,,,,
polymarket_event::189550,polymarket,structured_event_metadata,Will Opinion launch a token by ___?,6,deadline_window,all contracts agree,0,0,1,2027-01-01T00:00:00+00:00,"Will Opinion launch a token by February 17, 2026? || Will Opinion launch a token by June 30, 2026? || Will Opinion launch a token by December 31, 2026? || Will Opinion launch a token by September 30, 2026? || Will Opinion launch a token by March 31, 2026?",separate_analysis,,,,
polymarket_event::189551,polymarket,structured_event_metadata,Will Opensea launch a token by ___?,1,deadline_window,all contracts agree,0,0,1,2027-01-01T00:00:00+00:00,"Will OpenSea launch a token by March 31, 2026?",separate_analysis,,,,
polymarket_event::189559,polymarket,structured_event_metadata,Fabric public sale total commitments?,8,unclear,all contracts agree,0,0,1,2027-01-01T00:00:00+00:00,Over $2M committed to the Fabric public sale? || Over $4M committed to the Fabric public sale? || Over $5M committed to the Fabric public sale? || Over $20M committed to the Fabric public sale? || Over $15M committed to the Fabric public sale?,manual_review,,,,
polymarket_event::189755,polymarket,structured_event_metadata,What will the Bitcoin Volatility Index hit in 2026?,4,deadline_window,all contracts agree,0,0,1,2027-01-01T00:00:00+00:00,Will the Bitcoin Volatility Index hit 50 in 2026? || Will the Bitcoin Volatility Index hit 60 in 2026? || Will the Bitcoin Volatility Index hit 70 in 2026? || Will the Bitcoin Volatility Index hit 80 in 2026?,separate_analysis,,,,
polymarket_event::189761,polymarket,structured_event_metadata,What will the Ethereum Volatility Index hit in 2026?,4,deadline_window,all contracts agree,0,0,1,2027-01-01T00:00:00+00:00,Will the Ethereum Volatility Index hit 80 in 2026? || Will the Ethereum Volatility Index hit 90 in 2026? || Will the Ethereum Volatility Index hit 70 in 2026? || Will the Ethereum Volatility Index dip to 50 in 2026?,separate_analysis,,,,
polymarket_event::189831,polymarket,structured_event_metadata,Next Country US Strikes,12,unclear,all contracts agree,0,0,1,2026-12-31T00:00:00+00:00,Will the US strike Iraq next? || Will the US strike Syria next? || Will the US strike Cuba next? || Will the US strike Somalia next? || Will the US strike Nigeria next?,manual_review,,,,
polymarket_event::190485,polymarket,structured_event_metadata,Mezo FDV above ___ one day after launch?,9,trigger_relative,all contracts agree,0,0,1,2027-01-01T00:00:00+00:00,Mezo FDV above $50M one day after launch? || Mezo FDV above $800M one day after launch? || Mezo FDV above $200M one day after launch? || Mezo FDV above $300M one day after launch? || Mezo FDV above $400M one day after launch?,separate_analysis,,,,
polymarket_event::190503,polymarket,structured_event_metadata,Fabric ($ROBO) FDV above ___ one day after launch?,10,trigger_relative,all contracts agree,0,0,1,2027-01-01T00:00:00+00:00,Fabric FDV above $400M one day after launch? || Fabric FDV above $300M one day after launch? || Fabric FDV above $50M one day after launch? || Fabric FDV above $700M one day after launch? || Fabric FDV above $800M one day after launch?,separate_analysis,,,,
polymarket_event::191689,polymarket,structured_event_metadata,Tria FDV above ___ one day after launch?,7,trigger_relative,all contracts agree,0,0,1,2027-01-01T00:00:00+00:00,Tria FDV above $200M one day after launch? || Tria FDV above $100M one day after launch? || Tria FDV above $800M one day after launch? || Tria FDV above $500M one day after launch? || Tria FDV above $20M one day after launch?,separate_analysis,,,,
polymarket_event::191701,polymarket,structured_event_metadata,Will GRVT launch a token by ___?,1,deadline_window,all contracts agree,0,0,1,2027-01-01T00:00:00+00:00,"Will GRVT launch a token by March 31, 2026?",separate_analysis,,,,
polymarket_event::192790,polymarket,structured_event_metadata,Anthropic $500B+ valuation in 2026?,1,deadline_window,all contracts agree,0,0,1,2026-12-31T00:00:00+00:00,Anthropic $500B+ valuation in 2026?,separate_analysis,,,,
polymarket_event::192882,polymarket,structured_event_metadata,Bitcoin best month in 2026?,4,deadline_window,all contracts agree,0,0,1,2027-01-01T00:00:00+00:00,Will February be the best month for Bitcoin in 2026? || Will January be the best month for Bitcoin in 2026? || Will March be the best month for Bitcoin in 2026? || Will May be the best month for Bitcoin in 2026?,separate_analysis,,,,
polymarket_event::192924,polymarket,structured_event_metadata,Next Country US Strikes,12,unclear,all contracts agree,0,0,1,2026-12-31T00:00:00+00:00,Will the US not strike another country before 2027? || Will the US strike Nigeria next? || Will the US strike another country first? || Will the US strike Cuba next? || Will the US strike Yemen next?,manual_review,,,,
polymarket_event::193690,polymarket,structured_event_metadata,ChatGPT out as #1 Free App in the US Apple App Store by...?,3,deadline_window,all contracts agree,0,0,1,2026-12-31T00:00:00+00:00,Will ChatGPT be out as the #1 Free App in the US Apple Store by June 30? || Will ChatGPT be out as the #1 Free App in the US Apple Store by March 31? || Will ChatGPT be out as the #1 Free App in the US Apple Store by December 31?,separate_analysis,,,,
polymarket_event::194853,polymarket,structured_event_metadata,Nexus FDV above ___ one day after launch?,7,trigger_relative,all contracts agree,0,0,1,2028-01-01T00:00:00+00:00,Nexus FDV above $20M one day after launch? || Nexus FDV above $300M one day after launch? || Nexus FDV above $200M one day after launch? || Nexus FDV above $800M one day after launch? || Nexus FDV above $500M one day after launch?,separate_analysis,,,,
polymarket_event::19587,polymarket,structured_event_metadata,Trump cabinet member out by...?,1,deadline_window,all contracts agree,0,0,1,2026-12-31T00:00:00+00:00,"Trump cabinet member out by December 31, 2026?",separate_analysis,,,,
polymarket_event::196854,polymarket,structured_event_metadata,Who will Paddy Pimblett fight next?,6,trigger_relative,all contracts agree,0,0,1,2027-01-01T00:00:00+00:00,Will Dan Hooker fight Paddy Pimblett next? || Will Conor McGregor fight Paddy Pimblett next? || Will Rafael Fiziev fight Paddy Pimblett next? || Will Mateusz Gamrot fight Paddy Pimblett next? || Will Benoît Saint Denis fight Paddy Pimblett next?,separate_analysis,,,,
polymarket_event::197683,polymarket,structured_event_metadata,Will the 30-year Mortgage Rate hit __ in 2026?,4,deadline_window,all contracts agree,0,0,1,2026-12-31T00:00:00+00:00,"Will the U.S. 30-year Fixed-Rate Mortgage hit 6.30% (HIGH) by December 31, 2026? || Will the U.S. 30-year Fixed-Rate Mortgage hit 6.20% (HIGH) by December 31, 2026? || Will the U.S. 30-year Fixed-Rate Mortgage hit 6.00% (LOW) by December 31, 2026? || Will the U.S. 30-year Fixed-Rate Mortgage hit 6.50% (HIGH) by December 31, 2026?",separate_analysis,,,,
polymarket_event::197703,polymarket,structured_event_metadata,Which KPop groups will release songs in 2026?,8,deadline_window,all contracts agree,0,0,1,2026-12-31T00:00:00+00:00,Will IVE release a song in 2026? || Will I-dle release a song in 2026? || Will Aespa release a song in 2026? || Will Illit release a song in 2026? || Will Blackpink release a song in 2026?,separate_analysis,,,,
polymarket_event::197913,polymarket,structured_event_metadata,Next Country US Strikes,12,unclear,all contracts agree,0,0,1,2026-12-31T00:00:00+00:00,Will the US strike Colombia next? || Will the US strike Nigeria next? || Will the US strike Iraq next? || Will the US strike Venezuela next? || Will the US strike Cuba next?,manual_review,,,,
polymarket_event::198574,polymarket,structured_event_metadata,Who will be the next to leave the Trump Cabinet?,25,trigger_relative,majority rule: 24/25 contracts,0,0,1,2026-12-31T00:00:00+00:00,Will J.D. Vance be the next to leave the Trump Cabinet before 2027? || Will Linda McMahon be the next to leave the Trump Cabinet before 2027? || Will Doug Collins be the next to leave the Trump Cabinet before 2027? || Will Mike Waltz be the next to leave the Trump Cabinet before 2027? || Will Pete Hegseth be the next to leave the Trump Cabinet before 2027?,separate_analysis,,,,
polymarket_event::198575,polymarket,structured_event_metadata,Trump cabinet member out by...?,3,deadline_window,all contracts agree,0,0,1,2026-12-31T00:00:00+00:00,"Trump cabinet member out by June 30, 2026? || Trump cabinet member out by December 31, 2026? || Trump cabinet member out by March 31, 2026?",separate_analysis,,,,
polymarket_event::198589,polymarket,structured_event_metadata,Bitway FDV above ___ one day after launch?,6,trigger_relative,all contracts agree,0,0,1,2027-01-01T00:00:00+00:00,Bitway FDV above $10M one day after launch? || Bitway FDV above $20M one day after launch? || Bitway FDV above $200M one day after launch? || Bitway FDV above $100M one day after launch? || Bitway FDV above $400M one day after launch?,separate_analysis,,,,
polymarket_event::198590,polymarket,structured_event_metadata,Foresee public sale total commitments?,7,unclear,all contracts agree,0,0,1,2027-01-01T00:00:00+00:00,Over $10M committed to the Foresee public sale? || Over $1M committed to the Foresee public sale? || Over $500K committed to the Foresee public sale? || Over $5M committed to the Foresee public sale? || Over $200K committed to the Foresee public sale?,manual_review,,,,
polymarket_event::198672,polymarket,structured_event_metadata,Will EUR/USD hit __ in 2026?,1,deadline_window,all contracts agree,0,0,1,2026-12-31T00:00:00+00:00,Will EUR/USD hit 1.16 (Low) in 2026?,separate_analysis,,,,
polymarket_event::198756,polymarket,structured_event_metadata,Polymarket surpasses Robinhood on Similar Web in 2026?,1,deadline_window,all contracts agree,0,0,1,2026-12-31T00:00:00+00:00,Polymarket surpasses Robinhood on Similar Web in 2026?,separate_analysis,,,,
polymarket_event::199451,polymarket,structured_event_metadata,Superform FDV above ___ one day after launch?,6,trigger_relative,all contracts agree,0,0,1,2027-01-01T00:00:00+00:00,Superform FDV above $50M one day after launch? || Superform FDV above $20M one day after launch? || Superform FDV above $400M one day after launch? || Superform FDV above $300M one day after launch? || Superform FDV above $100M one day after launch?,separate_analysis,,,,
polymarket_event::199695,polymarket,structured_event_metadata,Will USD/JPY hit __ in 2026?,1,deadline_window,all contracts agree,0,0,1,2026-12-31T00:00:00+00:00,Will USD/JPY hit 160 (High) in 2026?,separate_analysis,,,,
polymarket_event::199727,polymarket,structured_event_metadata,Will USD/KRW hit __ in 2026?,2,deadline_window,all contracts agree,0,0,1,2026-12-31T00:00:00+00:00,Will USD/KRW hit 1500 (High) in 2026? || Will USD/KRW hit 1550 (High) in 2026?,separate_analysis,,,,
polymarket_event::200421,polymarket,structured_event_metadata,In which month will SpaceX IPO?,12,unclear,majority rule: 11/12 contracts,0,0,1,2026-12-31T00:00:00+00:00,"Will SpaceX’s initial public offering occur in February 2026 (ET)? || Will SpaceX’s initial public offering occur in March 2026 (ET)? || Will SpaceX’s initial public offering occur in June 2026 (ET)? || Will SpaceX fail to complete an initial public offering by December 31, 2026, 11:59 PM ET? || Will SpaceX’s initial public offering occur in December 2026 (ET)?",manual_review,,,,
polymarket_event::200525,polymarket,structured_event_metadata,Will USD/CAD hit __ in 2026?,1,deadline_window,all contracts agree,0,0,1,2026-12-31T00:00:00+00:00,Will USD/CAD hit 1.39 (High) in 2026?,separate_analysis,,,,
polymarket_event::203836,polymarket,structured_event_metadata,Espresso FDV above ___ one day after launch?,8,trigger_relative,all contracts agree,0,0,1,2028-01-01T00:00:00+00:00,Espresso FDV above $700M one day after launch? || Espresso FDV above $200M one day after launch? || Espresso FDV above $100M one day after launch? || Espresso FDV above $1B one day after launch? || Espresso FDV above $50M one day after launch?,separate_analysis,,,,
polymarket_event::204497,polymarket,structured_event_metadata,Megan Thee Stallion & Klay Thompson split in 2026?,1,deadline_window,all contracts agree,0,0,1,2026-12-31T00:00:00+00:00,Megan Thee Stallion & Klay Thompson split in 2026?,separate_analysis,,,,
polymarket_event::204499,polymarket,structured_event_metadata,How long will Trump and Xi shake hands when they meet?,7,deadline_window,all contracts agree,0,0,1,2026-12-31T00:00:00+00:00,Will Trump and Xi handshake last 15 seconds or longer during the day of their next meeting in 2026? || Will Trump and Xi only be photographed together during the day of their next meeting in 2026? || Will Trump and Xi handshake last 6–10 seconds during the day of their next meeting in 2026? || Will Trump and Xi handshake last 10–15 seconds during the day of their next meeting in 2026? || Will Trump and Xi not shake hands during the day of their next meeting in 2026?,separate_analysis,,,,
polymarket_event::206578,polymarket,structured_event_metadata,Will Hyperliquid's HIP-4 upgrade go live on mainnet by ___ ?,6,deadline_window,all contracts agree,0,0,1,2027-01-01T00:00:00+00:00,Will Hyperliquid's HIP-4 upgrade go live on mainnet by March 31? || Will Hyperliquid's HIP-4 upgrade go live on mainnet by May 30? || Will Hyperliquid's HIP-4 upgrade go live on mainnet by December 31? || Will Hyperliquid's HIP-4 upgrade go live on mainnet by April 30? || Will Hyperliquid's HIP-4 upgrade go live on mainnet by June 30?,separate_analysis,,,,
polymarket_event::206736,polymarket,structured_event_metadata,Pam Bondi out as Attorney General by...?,1,deadline_window,all contracts agree,0,0,1,2026-12-31T00:00:00+00:00,Pam Bondi out as Attorney General by December 31?,separate_analysis,,,,
polymarket_event::206761,polymarket,structured_event_metadata,Next Tottenham manager?,10,unclear,all contracts agree,0,0,1,2026-12-31T00:00:00+00:00,Will Robbie Keane be appointed as manager of Tottenham? || Will Xavi Hernandez be appointed as manager of Tottenham? || Will Marco Rose be appointed as manager of Tottenham? || Will Igor Tudor be appointed as manager of Tottenham? || Will Ryan Mason be appointed as manager of Tottenham?,manual_review,,,,
polymarket_event::207922,polymarket,structured_event_metadata,Yoon Suk Yeol Insurrection Case Prison Time? (Wider Strikes),4,unclear,all contracts agree,0,0,1,2026-12-31T00:00:00+00:00,Will Yoon Suk Yeol be sentenced to less than 30 years in prison? || Will Yoon Suk Yeol be sentenced to 30-60 years in prison? || Will Yoon Suk Yeol be sentenced to no prison time? || Will Yoon Suk Yeol be sentenced to at least 60 years in prison?,manual_review,,,,
polymarket_event::211086,polymarket,structured_event_metadata,Will MegaETH launch a token by ___?,6,deadline_window,all contracts agree,0,0,1,2027-01-01T00:00:00+00:00,"Will MegaETH launch a token by March 31, 2026? || Will MegaETH launch a token by April 30, 2026? || Will MegaETH launch a token by September 30, 2026? || Will MegaETH launch a token by June 30, 2026? || Will MegaETH launch a token by December 31, 2026?",separate_analysis,,,,
polymarket_event::211794,polymarket,structured_event_metadata,Next Country US Strikes,12,unclear,all contracts agree,0,0,1,2026-12-31T00:00:00+00:00,Will the US not strike another country before 2027? || Will the US strike Somalia next? || Will the US strike Mexico next? || Will the US strike Iraq next? || Will the US strike Iran next?,manual_review,,,,
polymarket_event::212877,polymarket,structured_event_metadata,Will Samuel Alito announce his retirement by...?,2,deadline_window,all contracts agree,0,0,1,2026-12-31T00:00:00+00:00,"Will Samuel Alito announce his retirement by March 31, 2026? || Will Samuel Alito announce his retirement by February 28, 2026?",separate_analysis,,,,
polymarket_event::212975,polymarket,structured_event_metadata,Marco Rubio visits China by...?,2,deadline_window,all contracts agree,0,0,1,2026-12-31T00:00:00+00:00,"Will Marco Rubio visit China by April 30, 2026? || Will Marco Rubio visit China by December 31, 2026?",separate_analysis,,,,
polymarket_event::213293,polymarket,structured_event_metadata,Next Real Madrid manager?,16,unclear,all contracts agree,0,0,1,2026-12-31T00:00:00+00:00,Will Zinedine Zidane be appointed as manager of Real Madrid? || Will Robert De Zerbi be appointed as manager of Real Madrid? || Will Andoni Iraola be appointed as manager of Real Madrid? || Will Unai Emery be appointed as manager of Real Madrid? || Will Massimiliano Allegri be appointed as manager of Real Madrid?,manual_review,,,,
polymarket_event::217185,polymarket,structured_event_metadata,Yellow FDV above ___ one day after launch?,7,trigger_relative,all contracts agree,0,0,1,2028-01-01T00:00:00+00:00,Yellow FDV above $800M one day after launch? || Yellow FDV above $200M one day after launch? || Yellow FDV above $400M one day after launch? || Yellow FDV above $50M one day after launch? || Yellow FDV above $300M one day after launch?,separate_analysis,,,,
polymarket_event::217507,polymarket,structured_event_metadata,Who will Sean Strickland fight next?,3,trigger_relative,all contracts agree,0,0,1,2027-01-01T00:00:00+00:00,Will Khamzat Chimaev fight Sean Strickland next? || Will Dricus Du Plessis fight Sean Strickland next? || Will Nassourdine Imavov fight Sean Strickland next?,separate_analysis,,,,
polymarket_event::218090,polymarket,structured_event_metadata,Dublin-Central By-Election Winner,12,scheduled_absolute,all contracts agree,0,0,1,2026-12-31T00:00:00+00:00,Will Ian Noel Smyth win the 2026 Dublin-central by-election? || Will Mary Fitzpatrick win the 2026 Dublin-central by-election? || Will Malachy Steenson win the 2026 Dublin-central by-election? || Will Janet Horner win the 2026 Dublin-central by-election? || Will Ray McAdam win the 2026 Dublin-central by-election?,manual_review,,,,
polymarket_event::224159,polymarket,structured_event_metadata,Will Hibachi launch a token by ___?,1,deadline_window,all contracts agree,0,0,1,2027-01-01T00:00:00+00:00,"Will Hibachi launch a token by March 31, 2026?",separate_analysis,,,,
polymarket_event::226619,polymarket,structured_event_metadata,Next Country US Strikes,12,unclear,all contracts agree,0,0,1,2026-12-31T00:00:00+00:00,Will the US strike Iraq next? || Will the US strike Yemen next? || Will the US strike Mexico next? || Will the US strike Venezuela next? || Will the US strike another country first?,manual_review,,,,
polymarket_event::226784,polymarket,structured_event_metadata,Next River Plate Manager?,9,unclear,all contracts agree,0,0,1,2026-12-31T00:00:00+00:00,Will Gabriel Milito be the next permanent manager of River Plate? || Will Ramón Díaz be the next permanent manager of River Plate? || Will Marcelo Escudero be the next permanent manager of River Plate? || Will Santiago Solari be the next permanent manager of River Plate? || Will Jorge Sampaoli be the next permanent manager of River Plate?,manual_review,,,,
polymarket_event::230200,polymarket,structured_event_metadata,Sentio FDV above ___ one day after launch?,6,trigger_relative,all contracts agree,0,0,1,2028-01-01T00:00:00+00:00,Sentio FDV above $500M one day after launch? || Sentio FDV above $50M one day after launch? || Sentio FDV above $20M one day after launch? || Sentio FDV above $100M one day after launch? || Sentio FDV above $200M one day after launch?,separate_analysis,,,,
polymarket_event::230927,polymarket,structured_event_metadata,Galway-West By-Election Winner?,11,scheduled_absolute,all contracts agree,0,0,1,2027-03-31T00:00:00+00:00,Will Niall Murphy win the 2026 Galway West by-election? || Will Mark Lohan win the 2026 Galway West by-election? || Will Míde Nic Fhionnlaoich win the 2026 Galway West by-election? || Will Sheila Garrity win the 2026 Galway West by-election? || Will Orla Nugent win the 2026 Galway West by-election?,manual_review,,,,
polymarket_event::234800,polymarket,structured_event_metadata,Next leader out of power before 2027?,26,unclear,all contracts agree,0,0,1,2026-12-31T00:00:00+00:00,Will Anthony Albanese be the next leader out before 2027? || Will Claudia Sheinbaum be the next leader out before 2027? || Will Sanae Takaichi be the next leader out before 2027? || Will Recep Tayyip Erdoğan be the next leader out before 2027? || Will Delcy Rodríguez be the next leader out before 2027?,manual_review,,,,
polymarket_event::235592,polymarket,structured_event_metadata,Katana FDV above ___ one day after launch?,8,trigger_relative,all contracts agree,0,0,1,2028-01-01T00:00:00+00:00,Katana FDV above $1B one day after launch? || Katana FDV above $300M one day after launch? || Katana FDV above $150M one day after launch? || Katana FDV above $100M one day after launch? || Katana FDV above $500M one day after launch?,separate_analysis,,,,
polymarket_event::236840,polymarket,structured_event_metadata,US x Iran ceasefire by...?,1,deadline_window,all contracts agree,0,0,1,2026-12-31T00:00:00+00:00,US x Iran ceasefire by December 31?,separate_analysis,,,,
polymarket_event::237569,polymarket,structured_event_metadata,Next Supreme Leader of Iran?,40,unclear,majority rule: 39/40 contracts,0,0,1,2026-12-31T00:00:00+00:00,Will Hassan Rouhani be the next Supreme Leader of Iran? || Will Muhammad Mirbaqiri be the next Supreme Leader of Iran? || Will Saeed Jalili be the next Supreme Leader of Iran? || Will Mohsen Araki be the next Supreme Leader of Iran? || Will Reza Pahlavi be the next Supreme Leader of Iran?,manual_review,,,,
polymarket_event::237598,polymarket,structured_event_metadata,Iran leader end of 2026?,2,unclear,all contracts agree,0,0,1,2026-12-31T00:00:00+00:00,Will Ali Larijani be head of state in Iran end of 2026? || Will Mohammad Pakpour be head of state in Iran end of 2026?,manual_review,,,,
polymarket_event::241861,polymarket,structured_event_metadata,Next leader out of power before 2027?,25,unclear,all contracts agree,0,0,1,2026-12-31T00:00:00+00:00,Will Mahmoud Abbas be the next leader out before 2027? || Will Claudia Sheinbaum be the next leader out before 2027? || Will Anthony Albanese be the next leader out before 2027? || Will Sanae Takaichi be the next leader out before 2027? || Will Friedrich Merz be the next leader out before 2027?,manual_review,,,,
polymarket_event::243854,polymarket,structured_event_metadata,Block Street FDV above ___ one day after launch?,6,trigger_relative,all contracts agree,0,0,1,2028-01-01T00:00:00+00:00,Block Street FDV above $300M one day after launch? || Block Street FDV above $50M one day after launch? || Block Street FDV above $1B one day after launch? || Block Street FDV above $100M one day after launch? || Block Street FDV above $200M one day after launch?,separate_analysis,,,,
polymarket_event::243875,polymarket,structured_event_metadata,idOS FDV above ___ one day after launch?,5,trigger_relative,all contracts agree,0,0,1,2028-01-01T00:00:00+00:00,idOS FDV above $80M one day after launch? || idOS FDV above $50M one day after launch? || idOS FDV above $200M one day after launch? || idOS FDV above $20M one day after launch? || idOS FDV above $100M one day after launch?,separate_analysis,,,,
polymarket_event::244388,polymarket,structured_event_metadata,MARA sells any Bitcoin in 2026?,1,deadline_window,all contracts agree,0,0,1,2027-01-01T00:00:00+00:00,MARA sells any Bitcoin in 2026?,separate_analysis,,,,
polymarket_event::244512,polymarket,structured_event_metadata,Internet Access restored in Iran by...?,1,deadline_window,all contracts agree,0,0,1,2026-12-31T00:00:00+00:00,"Internet Access restored in Iran by December 31, 2026?",separate_analysis,,,,
polymarket_event::246512,polymarket,structured_event_metadata,Will Gen.G complete the League of Legends “Golden Road” in 2026?,1,deadline_window,all contracts agree,0,0,1,2026-12-31T00:00:00+00:00,Will Gen.G complete the League of Legends “Golden Road” in 2026?,separate_analysis,,,,
polymarket_event::248286,polymarket,structured_event_metadata,UFC: Who will Max Holloway fight next?,11,trigger_relative,all contracts agree,0,0,1,2027-03-01T00:00:00+00:00,Will Alexander Volkanovski fight Max Holloway next? || Will Arman Tsarukyan fight Max Holloway next? || Will Benoît Saint Denis fight Max Holloway next? || Will Justin Gaethje fight Max Holloway next? || Will Dan Hooker fight Max Holloway next?,separate_analysis,,,,
polymarket_event::248393,polymarket,structured_event_metadata,Who will be the next to leave the Trump Cabinet?,24,trigger_relative,majority rule: 23/24 contracts,0,0,1,2026-12-31T00:00:00+00:00,Will Chris Wright be the next to leave the Trump Cabinet before 2027? || Will Mike Waltz be the next to leave the Trump Cabinet before 2027? || Will Robert F. Kennedy Jr. be the next to leave the Trump Cabinet before 2027? || Will Doug Burgum be the next to leave the Trump Cabinet before 2027? || Will Linda McMahon be the next to leave the Trump Cabinet before 2027?,separate_analysis,,,,
polymarket_event::255195,polymarket,structured_event_metadata,Iran leadership change by...?,1,deadline_window,all contracts agree,0,0,1,2026-12-31T00:00:00+00:00,Iran leadership change by March 13?,separate_analysis,,,,
polymarket_event::256921,polymarket,structured_event_metadata,Nebula3 FDV above ___ one day after launch?,6,trigger_relative,all contracts agree,0,0,1,2028-01-01T00:00:00+00:00,Nebula3 FDV above $200M one day after launch? || Nebula3 FDV above $100M one day after launch? || Nebula3 FDV above $50M one day after launch? || Nebula3 FDV above $500M one day after launch? || Nebula3 FDV above $300M one day after launch?,separate_analysis,,,,
polymarket_event::259240,polymarket,structured_event_metadata,Which 2026 movies will make it into the IMDb Top 250?,1,unclear,all contracts agree,0,0,1,2027-03-31T00:00:00+00:00,"Will ""Project Hail Mary"" make it into the IMDb Top 250?",manual_review,,,,
polymarket_event::259726,polymarket,structured_event_metadata,Will o1 launch a token by ___?,7,deadline_window,all contracts agree,0,0,1,2028-01-01T00:00:00+00:00,"Will o1 launch a token by March 31, 2026? || Will o1 launch a token by March 31, 2027? || Will o1 launch a token by December 31, 2026? || Will o1 launch a token by December 31, 2027? || Will o1 launch a token by June 30, 2027?",separate_analysis,,,,
polymarket_event::259788,polymarket,structured_event_metadata,Pep Guardiola out as Manchester City manager by the end of 2026?,1,deadline_window,all contracts agree,0,0,1,2027-01-01T00:00:00+00:00,Pep Guardiola out as Manchester City manager by the end of 2026?,separate_analysis,,,,
polymarket_event::26004,polymarket,structured_event_metadata,Next Prime Minister of the Netherlands,10,unclear,all contracts agree,0,0,1,2026-12-31T00:00:00+00:00,Will Frans Timmermans become the next Prime Minister of the Netherlands? || Will Klaas Dijkhoff become the next Prime Minister of the Netherlands? || Will Dilan Yeşilgöz-Zegerius become the next Prime Minister of the Netherlands? || Will Henri Bontenbal become the next Prime Minister of the Netherlands? || Will Ahmed Aboutaleb become the next Prime Minister of the Netherlands?,manual_review,,,,
polymarket_event::261455,polymarket,structured_event_metadata,Unitas Labs FDV above ___ one day after launch?,7,trigger_relative,all contracts agree,0,0,1,2028-01-01T00:00:00+00:00,Unitas Labs FDV above $20M one day after launch? || Unitas Labs FDV above $200M one day after launch? || Unitas Labs FDV above $500M one day after launch? || Unitas Labs FDV above $300M one day after launch? || Unitas Labs FDV above $800M one day after launch?,separate_analysis,,,,
polymarket_event::264031,polymarket,structured_event_metadata,Will Predict.fun launch a token by ___?,1,deadline_window,all contracts agree,0,0,1,2028-01-01T00:00:00+00:00,"Will Predict.fun launch a token by March 31, 2026?",separate_analysis,,,,
polymarket_event::265906,polymarket,structured_event_metadata,Billions FDV above ___ one day after launch?,7,trigger_relative,all contracts agree,0,0,1,2028-01-01T00:00:00+00:00,Billions FDV above $100M one day after launch? || Billions FDV above $700M one day after launch? || Billions FDV above $1B one day after launch? || Billions FDV above $500M one day after launch? || Billions FDV above $50M one day after launch?,separate_analysis,,,,
polymarket_event::277152,polymarket,structured_event_metadata,What level will the Dubai Real Estate Index hit in 2026?,1,deadline_window,all contracts agree,0,0,1,2027-01-01T00:00:00+00:00,"Will the DFM Real Estate Index hit 12,000 in 2026?",separate_analysis,,,,
polymarket_event::280825,polymarket,structured_event_metadata,Perle Labs FDV above ___ one day after launch?,6,trigger_relative,all contracts agree,0,0,1,2028-01-01T00:00:00+00:00,Perle Labs FDV above $100M one day after launch? || Perle Labs FDV above $200M one day after launch? || Perle Labs FDV above $300M one day after launch? || Perle Labs FDV above $500M one day after launch? || Perle Labs FDV above $80M one day after launch?,separate_analysis,,,,
polymarket_event::284268,polymarket,structured_event_metadata,Aliens.gov confirmed immigration website?,1,unclear,all contracts agree,0,0,1,2026-12-31T00:00:00+00:00,Aliens.gov confirmed immigration website?,manual_review,,,,
polymarket_event::307822,polymarket,structured_event_metadata,Will QFEX launch a token by ___?,1,deadline_window,all contracts agree,0,0,1,2028-01-01T00:00:00+00:00,"Will QFEX launch a token by March 31, 2026?",separate_analysis,,,,
polymarket_event::308245,polymarket,structured_event_metadata,Mohammed bin Zayed Al Nahyan out as President of UAE by...?,1,deadline_window,all contracts agree,0,0,1,2026-12-31T00:00:00+00:00,"Mohammed bin Zayed Al Nahyan out as President of the United Arab Emirates by December 31, 2026?",separate_analysis,,,,
polymarket_event::308518,polymarket,structured_event_metadata,Will Betmoar launch a token by ___?,1,deadline_window,all contracts agree,0,0,1,2028-01-01T00:00:00+00:00,"Will Betmoar launch a token by March 31, 2026?",separate_analysis,,,,
polymarket_event::31212,polymarket,structured_event_metadata,America Party candidate on a federal or gubernatorial ballot in 2025?,1,deadline_window,all contracts agree,0,0,1,2026-12-30T00:00:00+00:00,America Party candidate on a federal or gubernatorial ballot in 2025?,separate_analysis,,,,
polymarket_event::314557,polymarket,structured_event_metadata,P2P.me FDV above ___ one day after launch?,9,trigger_relative,all contracts agree,0,0,1,2028-01-01T00:00:00+00:00,P2P FDV above $10M one day after launch? || P2P FDV above $5M one day after launch? || P2P FDV above $15M one day after launch? || P2P FDV above $200M one day after launch? || P2P FDV above $80M one day after launch?,separate_analysis,,,,
polymarket_event::315405,polymarket,structured_event_metadata,UFC: Who will Conor McGregor fight next?,5,trigger_relative,all contracts agree,0,0,1,2027-03-07T00:00:00+00:00,Will Nate Diaz fight Conor McGregor next? || Will Max Holloway fight Conor McGregor next? || Will Jorge Masvidal fight Conor McGregor next? || Will Ian Garry fight Conor McGregor next? || Will Michael Chandler fight Conor McGregor next?,separate_analysis,,,,
polymarket_event::315414,polymarket,structured_event_metadata,OneFootball Club FDV above ___ one day after launch?,10,trigger_relative,all contracts agree,0,0,1,2028-01-01T00:00:00+00:00,OneFootball FDV above $800M one day after launch? || OneFootball FDV above $300M one day after launch? || OneFootball FDV above $50M one day after launch? || OneFootball FDV above $2B one day after launch? || OneFootball FDV above $35M one day after launch?,separate_analysis,,,,
polymarket_event::322911,polymarket,structured_event_metadata,R2 FDV above ___ one day after launch?,7,trigger_relative,all contracts agree,0,0,1,2028-01-01T00:00:00+00:00,R2 FDV above $300M one day after launch? || R2 FDV above $200M one day after launch? || R2 FDV above $20M one day after launch? || R2 FDV above $800M one day after launch? || R2 FDV above $100M one day after launch?,separate_analysis,,,,
polymarket_event::326055,polymarket,structured_event_metadata,Wingbits FDV above ___ one day after launch?,7,trigger_relative,all contracts agree,0,0,1,2028-01-01T00:00:00+00:00,Wingbits FDV above $200M one day after launch? || Wingbits FDV above $20M one day after launch? || Wingbits FDV above $50M one day after launch? || Wingbits FDV above $800M one day after launch? || Wingbits FDV above $100M one day after launch?,separate_analysis,,,,
polymarket_event::326070,polymarket,structured_event_metadata,Dual FDV above ___ one day after launch?,7,trigger_relative,all contracts agree,0,0,1,2028-01-01T00:00:00+00:00,Dual FDV above $100M one day after launch? || Dual FDV above $50M one day after launch? || Dual FDV above $300M one day after launch? || Dual FDV above $20M one day after launch? || Dual FDV above $500M one day after launch?,separate_analysis,,,,
polymarket_event::326093,polymarket,structured_event_metadata,Fluent FDV above ___ one day after launch?,8,trigger_relative,all contracts agree,0,0,1,2028-01-01T00:00:00+00:00,Fluent FDV above $150M one day after launch? || Fluent FDV above $50M one day after launch? || Fluent FDV above $100M one day after launch? || Fluent FDV above $800M one day after launch? || Fluent FDV above $200M one day after launch?,separate_analysis,,,,
polymarket_event::326109,polymarket,structured_event_metadata,YOM FDV above ___ one day after launch?,7,trigger_relative,all contracts agree,0,0,1,2028-01-01T00:00:00+00:00,YOM FDV above $20M one day after launch? || YOM FDV above $50M one day after launch? || YOM FDV above $200M one day after launch? || YOM FDV above $100M one day after launch? || YOM FDV above $800M one day after launch?,separate_analysis,,,,
polymarket_event::329566,polymarket,structured_event_metadata,Fed rate hike by...?,2,deadline_window,all contracts agree,0,0,1,2026-12-09T00:00:00+00:00,Fed Rate Hike by June 2026 Meeting? || Fed Rate Hike by April 2026 Meeting?,separate_analysis,,,,
polymarket_event::330437,polymarket,structured_event_metadata,Russia x Ukraine ceasefire by end of 2027?,1,deadline_window,all contracts agree,0,0,1,2027-12-31T00:00:00+00:00,Russia x Ukraine ceasefire by end of 2027?,separate_analysis,,,,
polymarket_event::330438,polymarket,structured_event_metadata,"Russia x Ukraine ceasefire by June 30, 2027?",1,deadline_window,all contracts agree,0,0,1,2027-06-30T00:00:00+00:00,"Russia x Ukraine ceasefire by June 30, 2027?",separate_analysis,,,,
polymarket_event::333041,polymarket,structured_event_metadata,Genius FDV above ___ one day after launch?,8,trigger_relative,all contracts agree,0,0,1,2028-01-01T00:00:00+00:00,Genius FDV above $1B one day after launch? || Genius FDV above $100M one day after launch? || Genius FDV above $300M one day after launch? || Genius FDV above $200M one day after launch? || Genius FDV above $500M one day after launch?,separate_analysis,,,,
polymarket_event::333162,polymarket,structured_event_metadata,Which characters will appear in Avengers: Doomsday?,1,unclear,all contracts agree,0,0,1,2026-12-18T00:00:00+00:00,Kathryn Newton as Cassie Lang?,manual_review,,,,
polymarket_event::336248,polymarket,structured_event_metadata,J2 League: Winner,20,unclear,all contracts agree,0,0,1,2026-12-31T00:00:00+00:00,Will Vanraure Hachinohe win J2 League? || Will Oita Trinita win J2 League? || Will Tochigi City win J2 League? || Will Yokohama FC win J2 League? || Will Sagan Tosu win J2 League?,manual_review,,,,
polymarket_event::336260,polymarket,structured_event_metadata,Copa Libertadores: Winner,11,unclear,all contracts agree,0,0,1,2026-12-12T00:00:00+00:00,Will Always Ready win Copa Libertadores? || Will Bolívar win Copa Libertadores? || Will Lanús win Copa Libertadores? || Will Peñarol win Copa Libertadores? || Will Independiente Medellín win Copa Libertadores?,manual_review,,,,
polymarket_event::336508,polymarket,structured_event_metadata,Will any AI model reach ___ Math Arena Score by December 31?,1,deadline_window,all contracts agree,0,0,1,2026-12-31T00:00:00+00:00,"Will any AI model reach 1525 Math Arena Score by December 31, 2026?",separate_analysis,,,,
polymarket_event::336641,polymarket,structured_event_metadata,Another crypto hack over $100m by December 31?,1,deadline_window,all contracts agree,0,0,1,2027-01-01T00:00:00+00:00,Another crypto hack over $100m by December 31?,separate_analysis,,,,
polymarket_event::336761,polymarket,structured_event_metadata,Pharos Network FDV above ___ one day after launch?,9,trigger_relative,all contracts agree,0,0,1,2028-01-01T00:00:00+00:00,Pharos FDV above $1B one day after launch? || Pharos FDV above $2B one day after launch? || Pharos FDV above $50M one day after launch? || Pharos FDV above $100M one day after launch? || Pharos FDV above $200M one day after launch?,separate_analysis,,,,
polymarket_event::337056,polymarket,structured_event_metadata,CBA: Winner,20,unclear,all contracts agree,0,0,1,2026-12-12T00:00:00+00:00,Will Beijing Ducks win CBA? || Will Jilin Northeast Tigers win CBA? || Will Guangzhou Loong Lions win CBA? || Will Shenzhen Leopards win CBA? || Will Nanjing Tongxi Monkey King win CBA?,manual_review,,,,
polymarket_event::337072,polymarket,structured_event_metadata,Turkey BSL: Winner,8,unclear,all contracts agree,0,0,1,2026-12-01T00:00:00+00:00,Will Mersin MSK win Turkey BSL? || Will ONVO Büyükçekmece win Turkey BSL? || Will Petkim Spor win Turkey BSL? || Will Karşıyaka Basket win Turkey BSL? || Will Bursaspor Basketbol win Turkey BSL?,manual_review,,,,
polymarket_event::337075,polymarket,structured_event_metadata,VTB United League: Winner,11,unclear,all contracts agree,0,0,1,2026-12-31T00:00:00+00:00,Will Nizhny Novgorod win VTB United League? || Will MBA Moscow win VTB United League? || Will Samara win VTB United League? || Will Parma win VTB United League? || Will Uralmash Yekaterinburg win VTB United League?,manual_review,,,,
polymarket_event::337076,polymarket,structured_event_metadata,Serie A: Winner,14,unclear,all contracts agree,0,0,1,2026-12-20T00:00:00+00:00,Will Trapani Shark win Serie A? || Will Pallacanestro Cantù win Serie A? || Will Napoli Basket win Serie A? || Will Snaidero Cucine Udine win Serie A? || Will Dinamo Sassari win Serie A?,manual_review,,,,
polymarket_event::337079,polymarket,structured_event_metadata,ABA League: Winner,18,unclear,all contracts agree,0,0,1,2026-12-20T00:00:00+00:00,Will SC Derby win ABA League? || Will FMP Soccerbet win ABA League? || Will Krka win ABA League? || Will Split win ABA League? || Will BC Vienna win ABA League?,manual_review,,,,
polymarket_event::337156,polymarket,structured_event_metadata,Who will be the next to leave the Trump Cabinet?,23,trigger_relative,majority rule: 22/23 contracts,0,0,1,2026-12-31T00:00:00+00:00,Will Brooke Rollins be the next to leave the Trump Cabinet before 2027? || Will Marco Rubio be the next to leave the Trump Cabinet before 2027? || Will Susie Wiles be the next to leave the Trump Cabinet before 2027? || Will Howard Lutnick be the next to leave the Trump Cabinet before 2027? || Will Chris Wright be the next to leave the Trump Cabinet before 2027?,separate_analysis,,,,
polymarket_event::339799,polymarket,structured_event_metadata,What price will edgeX hit in 2026?,5,unclear,all contracts agree,0,0,1,2027-01-01T00:00:00+00:00,Will edgeX dip to $0.80 before 2027? || Will edgeX reach $1.40 before 2027? || Will edgeX reach $1.20 before 2027? || Will edgeX dip to $0.60 before 2027? || Will edgeX dip to $0.40 before 2027?,manual_review,,,,
polymarket_event::339963,polymarket,structured_event_metadata,OpenGradient FDV above ___ one day after launch?,7,trigger_relative,all contracts agree,0,0,1,2028-01-01T00:00:00+00:00,OpenGradient FDV above $50M one day after launch? || OpenGradient FDV above $800M one day after launch? || OpenGradient FDV above $100M one day after launch? || OpenGradient FDV above $500M one day after launch? || OpenGradient FDV above $300M one day after launch?,separate_analysis,,,,
polymarket_event::34050,polymarket,structured_event_metadata,Russia x Ukraine ceasefire by end of 2026?,1,deadline_window,all contracts agree,0,0,1,2026-12-31T00:00:00+00:00,Russia x Ukraine ceasefire by end of 2026?,separate_analysis,,,,
polymarket_event::357807,polymarket,structured_event_metadata,US x Iran permanent peace deal by...?,1,deadline_window,all contracts agree,0,0,1,2026-12-31T00:00:00+00:00,"US x Iran permanent peace deal by December 31, 2026?",separate_analysis,,,,
polymarket_event::357873,polymarket,structured_event_metadata,US bank failure by December 31?,1,deadline_window,all contracts agree,0,0,1,2026-12-31T00:00:00+00:00,US bank failure by December 31?,separate_analysis,,,,
polymarket_event::35908,polymarket,structured_event_metadata,Who will Trump nominate as Fed Chair?,25,unclear,all contracts agree,0,0,1,2026-12-31T00:00:00+00:00,Will Trump nominate Michelle Bowman as the next Fed chair? || Will Trump nominate Kevin Hassett as the next Fed chair? || Will Trump nominate Christopher Waller as the next Fed chair? || Will Trump nominate Stephen Miran as the next Fed chair? || Will Trump nominate Rick Rieder as the next Fed chair?,manual_review,,,,
polymarket_event::360860,polymarket,structured_event_metadata,Satoshi's identity be proven by...?,1,deadline_window,all contracts agree,0,0,1,2026-12-31T00:00:00+00:00,Will Satoshi's identity be revealed by April 30?,separate_analysis,,,,
polymarket_event::376231,polymarket,structured_event_metadata,Virginia and Vini Jr breakup before 2027?,1,unclear,all contracts agree,0,0,1,2026-12-31T00:00:00+00:00,Virginia and Vini Jr breakup before 2027? ,manual_review,,,,
polymarket_event::379514,polymarket,structured_event_metadata,Anthropic valued higher than OpenAI in 2026?,1,deadline_window,all contracts agree,0,0,1,2026-12-31T00:00:00+00:00,Anthropic valued higher than OpenAI in 2026?,separate_analysis,,,,
polymarket_event::382447,polymarket,structured_event_metadata,FDA approves a psychedelic for medical use in 2026?,1,deadline_window,all contracts agree,0,0,1,2026-12-31T00:00:00+00:00,FDA approves a psychedelic for medical use in 2026?,separate_analysis,,,,
polymarket_event::385367,polymarket,structured_event_metadata,Anthropic next funding round closed by...?,2,deadline_window,all contracts agree,0,0,1,2026-12-31T00:00:00+00:00,"Will Anthropic have closed its next funding round by December 31, 2026? || Will Anthropic have closed its next funding round by June 30, 2026?",separate_analysis,,,,
polymarket_event::385825,polymarket,structured_event_metadata,Which movie has biggest opening week in 2026?,2,deadline_window,all contracts agree,0,0,1,2026-12-31T00:00:00+00:00,Will Star Wars: The Mandalorian and Grogu have the best domestic opening week in 2026? || Will Michael have the best domestic opening week in 2026?,separate_analysis,,,,
polymarket_event::389715,polymarket,structured_event_metadata,Which team will Steve Kerr join next by the end of 2026?,33,deadline_window,all contracts agree,0,0,1,2027-01-01T00:00:00+00:00,Will Steve Kerr join the Memphis Grizzlies in 2026? || Will Steve Kerr join the Toronto Raptors in 2026? || Will Steve Kerr join the Houston Rockets in 2026? || Will Steve Kerr join the Milwaukee Bucks in 2026? || Will Steve Kerr join the Washington Wizards in 2026?,separate_analysis,,,,
polymarket_event::399704,polymarket,structured_event_metadata,Will 21 Savage be featured on Drake's new album?,1,unclear,all contracts agree,0,0,1,2026-12-31T00:00:00+00:00,Will 21 Savage be featured on Drake's new album?,manual_review,,,,
polymarket_event::400690,polymarket,structured_event_metadata,Total crypto hack value in 2026?,1,deadline_window,all contracts agree,0,0,1,2027-01-01T00:00:00+00:00,Over $800M crypto hack value in 2026?,separate_analysis,,,,
polymarket_event::400712,polymarket,structured_event_metadata,Another crypto hack over $100M by ___?,1,deadline_window,all contracts agree,0,0,1,2027-01-01T00:00:00+00:00,Another crypto hack over $100m by April 30?,separate_analysis,,,,
polymarket_event::400878,polymarket,structured_event_metadata,Clavicular pregnancy in 2026?,1,deadline_window,all contracts agree,0,0,1,2026-12-31T00:00:00+00:00,Clavicular pregnancy in 2026?,separate_analysis,,,,
polymarket_event::400933,polymarket,structured_event_metadata,Will STRC dip to $90 in 2026?,1,deadline_window,all contracts agree,0,0,1,2027-01-01T00:00:00+00:00,Will STRC dip to $90 in 2026?,separate_analysis,,,,
polymarket_event::401113,polymarket,structured_event_metadata,Who will be featured on ICEMAN?,31,unclear,all contracts agree,0,0,1,2026-12-31T00:00:00+00:00,Will Drake feature Morgan Wallen on ICEMAN? || Will Drake feature Pimmie on ICEMAN? || Will Drake feature Sampha on ICEMAN? || Will Drake feature PARTYNEXTDOOR on ICEMAN? || Will Drake feature Lil Yachty on ICEMAN?,manual_review,,,,
polymarket_event::401121,polymarket,structured_event_metadata,Who will be the next to leave the Trump Cabinet?,22,trigger_relative,majority rule: 21/22 contracts,0,0,1,2026-12-31T00:00:00+00:00,Will Brooke Rollins be the next to leave the Trump Cabinet before 2027? || Will Lee Zeldin be the next to leave the Trump Cabinet before 2027? || Will J.D. Vance be the next to leave the Trump Cabinet before 2027? || Will Doug Burgum be the next to leave the Trump Cabinet before 2027? || Will Marco Rubio be the next to leave the Trump Cabinet before 2027?,separate_analysis,,,,
polymarket_event::404632,polymarket,structured_event_metadata,Will SpaceX acquire Cursor by...?,1,deadline_window,all contracts agree,0,0,1,2026-12-31T00:00:00+00:00,"Will SpaceX acquire Cursor by December 31, 2026?",separate_analysis,,,,
polymarket_event::407054,polymarket,structured_event_metadata,EPL: Next Chelsea Manager?,35,unclear,all contracts agree,0,0,1,2027-01-01T00:00:00+00:00,Will Didier Drogba be the next permanent manager of Chelsea F.C.? || Will Unai Emery be the next permanent manager of Chelsea F.C.? || Will Xabi Alonso be the next permanent manager of Chelsea F.C.? || Will Patrick Vieira be the next permanent manager of Chelsea F.C.? || Will Petr Cech be the next permanent manager of Chelsea F.C.?,manual_review,,,,
polymarket_event::407744,polymarket,structured_event_metadata,Reppo FDV above ___ one day after launch?,5,trigger_relative,all contracts agree,0,0,1,2028-01-01T00:00:00+00:00,Reppo FDV above $20M one day after launch? || Reppo FDV above $50M one day after launch? || Reppo FDV above $100M one day after launch? || Reppo FDV above $800M one day after launch? || Reppo FDV above $500M one day after launch?,separate_analysis,,,,
polymarket_event::407745,polymarket,structured_event_metadata,French Presidential Election: who will announce a run in 2026?,1,deadline_window,all contracts agree,0,0,1,2027-04-23T00:00:00+00:00,Will Gabriel Attal announce their candidacy for the 2027 French presidential election in 2026?,separate_analysis,,,,
polymarket_event::41353,polymarket,structured_event_metadata,Supreme Court rules in favor of Trump's tariffs?,1,unclear,all contracts agree,0,0,1,2026-12-31T00:00:00+00:00,Supreme Court rules in favor of Trump's tariffs?,manual_review,,,,
polymarket_event::43053,polymarket,structured_event_metadata,Nuclear weapon detonation by...?,1,deadline_window,all contracts agree,0,0,1,2026-12-31T00:00:00+00:00,Nuclear weapon detonation by December 31?,separate_analysis,,,,
polymarket_event::432271,polymarket,structured_event_metadata,XMAQUINA FDV above ___ one day after launch?,11,trigger_relative,all contracts agree,0,0,1,2028-01-01T00:00:00+00:00,XMAQUINA FDV above $60M one day after launch? || XMAQUINA FDV above $150M one day after launch? || XMAQUINA FDV above $80M one day after launch? || XMAQUINA FDV above $300M one day after launch? || XMAQUINA FDV above $20M one day after launch?,separate_analysis,,,,
polymarket_event::432287,polymarket,structured_event_metadata,Citrea FDV above ___ one day after launch?,10,trigger_relative,all contracts agree,0,0,1,2028-01-01T00:00:00+00:00,Citrea FDV above $20M one day after launch? || Citrea FDV above $40M one day after launch? || Citrea FDV above $1B one day after launch? || Citrea FDV above $80M one day after launch? || Citrea FDV above $800M one day after launch?,separate_analysis,,,,
polymarket_event::432304,polymarket,structured_event_metadata,Will Citrea launch a token by ___?,7,deadline_window,all contracts agree,0,0,1,2028-01-01T00:00:00+00:00,"Will Citrea launch a token by September 30, 2027? || Will Citrea launch a token by December 31, 2027? || Will Citrea launch a token by June 30, 2026? || Will Citrea launch a token by December 31, 2026? || Will Citrea launch a token by March 31, 2027?",separate_analysis,,,,
polymarket_event::436391,polymarket,structured_event_metadata,Chirayu Rana sued?,1,unclear,all contracts agree,0,0,1,2026-12-31T00:00:00+00:00,Chirayu Rana sued?,manual_review,,,,
polymarket_event::437851,polymarket,structured_event_metadata,Next OpenAI Model: Arena Debut?,3,unclear,all contracts agree,0,0,1,2026-12-31T00:00:00+00:00,Will the next model released by OpenAI debut at a score of at least 1480? || Will the next model released by OpenAI debut at a score of at least 1500? || Will the next model released by OpenAI debut at a score of at least 1520?,manual_review,,,,
polymarket_event::438050,polymarket,structured_event_metadata,Next xAI Model: Arena Debut?,3,unclear,all contracts agree,0,0,1,2026-12-31T00:00:00+00:00,Will the next model released by xAI debut at a score of at least 1480? || Will the next model released by xAI debut at a score of at least 1440? || Will the next model released by xAI debut at a score of at least 1460?,manual_review,,,,
polymarket_event::448098,polymarket,structured_event_metadata,Russia x Ukraine diplomatic meeting by...?,3,deadline_window,all contracts agree,0,0,1,2026-12-31T00:00:00+00:00,"Russia x Ukraine diplomatic meeting by June 30, 2026? || Russia x Ukraine diplomatic meeting by December 31, 2026? || Russia x Ukraine diplomatic meeting by May 31, 2026?",separate_analysis,,,,
polymarket_event::45214,polymarket,structured_event_metadata,Who will acquire TikTok?,1,unclear,all contracts agree,0,0,1,2026-12-31T00:00:00+00:00,Will Larry Ellison/Oracle acquire TikTok?,manual_review,,,,
polymarket_event::452382,polymarket,structured_event_metadata,"PGA Tour: Player to Record Hole-In-One by June 30, 2026?",1,deadline_window,all contracts agree,0,0,1,2027-01-01T00:00:00+00:00,"PGA Tour: Player to Record Hole-In-One by June 30, 2026?",separate_analysis,,,,
polymarket_event::462467,polymarket,structured_event_metadata,Trump declassifies new UFO files by...?,3,deadline_window,all contracts agree,0,0,1,2026-12-31T00:00:00+00:00,Trump declassifies new UFO files by May 31? || Trump declassifies new UFO files by May 15? || Trump declassifies new UFO files by December 31?,separate_analysis,,,,
polymarket_event::474178,polymarket,structured_event_metadata,Who will Trump announce as next Attorney General?,16,deadline_window,all contracts agree,0,0,1,2026-12-31T00:00:00+00:00,Will Donald Trump announce Alina Habba as the next United States Attorney General by December 31? || Will Donald Trump announce Mike Lee as the next United States Attorney General by December 31? || Will Donald Trump announce Eric Schmitt as the next United States Attorney General by December 31? || Will Donald Trump announce Todd Blanche as the next United States Attorney General by December 31? || Will Donald Trump announce Ron DeSantis as the next United States Attorney General by December 31?,separate_analysis,,,,
polymarket_event::478472,polymarket,structured_event_metadata,Russia x Ukraine ceasefire agreement by...?,1,deadline_window,all contracts agree,0,0,1,2026-12-31T00:00:00+00:00,"Russia x Ukraine ceasefire agreement by May 31, 2026?",separate_analysis,,,,
polymarket_event::485540,polymarket,structured_event_metadata,What price will Sui hit in 2026?,2,unclear,all contracts agree,0,0,1,2027-01-01T00:00:00+00:00,Will Sui dip to $0.80 before 2027? || Will Sui dip to $1.00 before 2027?,manual_review,,,,
polymarket_event::486199,polymarket,structured_event_metadata,Russia x Ukraine Ceasefire by...?,1,deadline_window,all contracts agree,0,0,1,2026-12-31T00:00:00+00:00,"Russia x Ukraine ceasefire by May 31, 2026?",separate_analysis,,,,
polymarket_event::499369,polymarket,structured_event_metadata,Trump declassifies new UFO files by...?,2,deadline_window,all contracts agree,0,0,1,2026-12-31T00:00:00+00:00,Trump declassifies new UFO files by May 31? || Trump declassifies new UFO files by December 31?,separate_analysis,,,,
polymarket_event::500753,polymarket,structured_event_metadata,Will Anthropic’s valuation hit __ by December 31?,1,deadline_window,all contracts agree,0,0,1,2027-01-01T00:00:00+00:00,Will Anthropic's valuation hit (HIGH) $1.0T by December 31?,separate_analysis,,,,
polymarket_event::500791,polymarket,structured_event_metadata,Will Stripe's valuation hit __ by December 31?,1,deadline_window,all contracts agree,0,0,1,2027-01-01T00:00:00+00:00,Will Stripe's valuation hit (LOW) $170B by December 31?,separate_analysis,,,,
polymarket_event::500816,polymarket,structured_event_metadata,Will Anduril's valuation hit __ by December 31?,1,deadline_window,all contracts agree,0,0,1,2027-01-01T00:00:00+00:00,Will Anduril's valuation hit (LOW) $80B by December 31?,separate_analysis,,,,
polymarket_event::500824,polymarket,structured_event_metadata,Will Neuralink’s valuation hit __ by December 31?,3,deadline_window,all contracts agree,0,0,1,2027-01-01T00:00:00+00:00,Will Neuralink's valuation hit (HIGH) $40B by December 31? || Will Neuralink's valuation hit (HIGH) $45B by December 31? || Will Neuralink's valuation hit (HIGH) $42.5B by December 31?,separate_analysis,,,,
polymarket_event::500825,polymarket,structured_event_metadata,Will Perplexity's valuation hit __ by December 31?,1,deadline_window,all contracts agree,0,0,1,2027-01-01T00:00:00+00:00,Will Perplexity's valuation hit (LOW) $17.5B by December 31?,separate_analysis,,,,
polymarket_event::500855,polymarket,structured_event_metadata,Will Epic Games' valuation hit __ by December 31?,1,deadline_window,all contracts agree,0,0,1,2027-01-01T00:00:00+00:00,Will Epic Games' valuation hit (LOW) $12.5B by December 31?,separate_analysis,,,,
polymarket_event::507129,polymarket,structured_event_metadata,Will Reppo launch a token by ___?,2,deadline_window,all contracts agree,0,0,2,2027-01-01T00:00:00+00:00 || 2027-07-01T00:00:00+00:00,"Will Reppo launch a token by June 30, 2027? || Will Reppo launch a token by December 31, 2026?",separate_analysis,,,,
polymarket_event::511422,polymarket,structured_event_metadata,Which countries will have an Ebola case in 2026?,1,deadline_window,all contracts agree,0,0,1,2026-12-31T00:00:00+00:00,Will Uganda have an Ebola case in 2026?,separate_analysis,,,,
polymarket_event::514175,polymarket,structured_event_metadata,Who will Trump announce as next Director of National Intelligence?,21,unclear,majority rule: 20/21 contracts,0,0,1,2026-12-31T00:00:00+00:00,"Will Trump announce Kash Patel as the next Director of National Intelligence? || Will Trump announce no pick for the next Director of National Intelligence by December 31, 2026? || Will Trump announce Pete Hoekstra as the next Director of National Intelligence? || Will Trump announce another person as the next Director of National Intelligence? || Will Trump announce Sebastian Gorka as the next Director of National Intelligence?",manual_review,,,,
polymarket_event::517737,polymarket,structured_event_metadata,US x Iran permanent peace deal before ceasefire ends?,1,unclear,all contracts agree,0,0,1,2026-12-31T00:00:00+00:00,US x Iran permanent peace deal before ceasefire ends?,manual_review,,,,
polymarket_event::527767,polymarket,structured_event_metadata,Tea FDV above ___ one day after launch?,8,trigger_relative,all contracts agree,0,0,1,2028-01-01T00:00:00+00:00,Tea FDV above $500M one day after launch || Tea FDV above $200M one day after launch || Tea FDV above $300M one day after launch || Tea FDV above $150M one day after launch || Tea FDV above $100M one day after launch,separate_analysis,,,,
polymarket_event::531004,polymarket,structured_event_metadata,JD Vance out as VP by...?,1,deadline_window,all contracts agree,0,0,1,2026-12-31T00:00:00+00:00,JD Vance out as VP by June 15?,separate_analysis,,,,
polymarket_event::555963,polymarket,structured_event_metadata,Trump meets with Ayatollah Mojtaba Khamenei by...?,1,deadline_window,all contracts agree,0,0,1,2026-12-31T00:00:00+00:00,Trump meets with Mojtaba Khamenei by June 15?,separate_analysis,,,,
polymarket_event::578328,polymarket,structured_event_metadata,Claude Mythos: Text Arena Debut?,4,unclear,all contracts agree,0,0,1,2026-12-31T00:00:00+00:00,Will next Claude Mythos debut on the Text Arena Leaderboard at 1490+? || Will next Claude Mythos debut on the Text Arena Leaderboard at 1500+? || Will next Claude Mythos debut on the Text Arena Leaderboard at 1480+? || Will next Claude Mythos debut on the Text Arena Leaderboard at 1510+?,manual_review,,,,
polymarket_event::61056,polymarket,structured_event_metadata,SpaceX Starship Flight Test 12,3,unclear,all contracts agree,0,0,1,2026-12-31T00:00:00+00:00,Will the chopsticks catch SpaceX Starship Flight Test 12 Superheavy booster? || Will the Starship for SpaceX Starship Flight Test 12 achieve a successful splashdown? || Will SpaceX Starship Flight Test 12 Superheavy explode?,manual_review,,,,
polymarket_event::66070,polymarket,structured_event_metadata,Will Gavin Newsom announce Presidential run by...?,1,deadline_window,all contracts agree,0,0,1,2026-12-31T00:00:00+00:00,"Will Gavin Newsom announce a Presidential run by December 31, 2025?",separate_analysis,,,,
polymarket_event::71693,polymarket,structured_event_metadata,Khamenei out as Supreme Leader of Iran in 2026?,1,deadline_window,all contracts agree,0,0,1,2026-12-31T00:00:00+00:00,Khamenei out as Supreme Leader of Iran in 2026?,separate_analysis,,,,
polymarket_event::72419,polymarket,structured_event_metadata,"""Call of Duty: Black Ops 7"" Metacritic Score",3,unclear,all contracts agree,0,0,1,2026-12-31T00:00:00+00:00,"Will ""Call of Duty: Black Ops 7"" have a Metascore greater than 85? || Will ""Call of Duty: Black Ops 7"" have a Metascore between 75 and 85? || Will ""Call of Duty: Black Ops 7"" have a Metascore less than 75?",manual_review,,,,
polymarket_event::73079,polymarket,structured_event_metadata,Which countries will Donald Trump visit in 2026?,3,deadline_window,all contracts agree,0,0,1,2026-12-31T00:00:00+00:00,Will Donald Trump visit Switzerland in 2026? || Will Donald Trump visit France in 2026? || Will Donald Trump visit China in 2026?,separate_analysis,,,,
polymarket_event::73096,polymarket,structured_event_metadata,Will Iran close the Strait of Hormuz by...?,3,mixed_or_unclear,"mixed contract labels: {'deadline_window': 2, 'unclear': 1}",0,0,1,2026-12-31T00:00:00+00:00,Will Iran close the Strait of Hormuz by March 31? || Will Iran close the Strait of Hormuz by January 31? || Will Iran close the Strait of Hormuz before 2027?,manual_review,,,,
polymarket_event::73105,polymarket,structured_event_metadata,How many Gold Cards will Trump sell in 2026?,1,deadline_window,all contracts agree,0,0,1,2026-12-31T00:00:00+00:00,Will Trump sell 0 Gold Cards in 2026?,separate_analysis,,,,
polymarket_event::73106,polymarket,structured_event_metadata,US-Iran nuclear deal before 2027?,1,unclear,all contracts agree,0,0,1,2026-12-31T00:00:00+00:00,US-Iran nuclear deal before 2027?,manual_review,,,,
polymarket_event::73108,polymarket,structured_event_metadata,Will Yoon be sentenced to prison before 2027?,1,unclear,all contracts agree,0,0,1,2026-12-31T00:00:00+00:00,Will Yoon be sentenced to prison before 2027?,manual_review,,,,
polymarket_event::73128,polymarket,structured_event_metadata,How low will Trump's approval rating go in 2026?,1,deadline_window,all contracts agree,0,0,1,2026-12-31T00:00:00+00:00,Will Trump's approval rating hit 40% in 2026?,separate_analysis,,,,
polymarket_event::73213,polymarket,structured_event_metadata,Will a province schedule a referendum to leave Canada before 2027?,1,unclear,all contracts agree,0,0,1,2026-12-31T00:00:00+00:00,Will a province schedule a referendum to leave Canada before 2027?,manual_review,,,,
polymarket_event::73226,polymarket,structured_event_metadata,Peak US National Debt before 2027?,1,unclear,all contracts agree,0,0,1,2026-12-31T00:00:00+00:00,Will the U.S. national debt hit $39 trillion before 2027?,manual_review,,,,
polymarket_event::73835,polymarket,structured_event_metadata,edgeX FDV above ___ one day after launch?,11,trigger_relative,all contracts agree,0,0,1,2027-01-01T00:00:00+00:00,EdgeX FDV above $700M one day after launch? || EdgeX FDV above $5B one day after launch? || EdgeX FDV above $4B one day after launch? || EdgeX FDV above $500M one day after launch? || EdgeX FDV above $10B one day after launch?,separate_analysis,,,,
polymarket_event::73871,polymarket,structured_event_metadata,Who will Trump meet with in 2026?,10,deadline_window,all contracts agree,0,0,1,2026-12-31T00:00:00+00:00,Will Trump meet with Abdel Fattah El-Sisi in 2026? || Will Trump meet with Volodymyr Zelenskyy in 2026? || Will Trump meet with Ali Khamenei in 2026? || Will Trump meet with Javier Milei in 2026? || Will Trump meet with Friedrich Merz in 2026?,separate_analysis,,,,
polymarket_event::73897,polymarket,structured_event_metadata,Who will leave Trump Administration before 2027?,3,unclear,all contracts agree,0,0,1,2026-12-31T00:00:00+00:00,Will Lori Chavez-DeRemer leave the Trump administration before 2027? || Will Pam Bondi leave the Trump administration before 2027? || Will Tulsi Gabbard leave the Trump administration before 2027?,manual_review,,,,
polymarket_event::74069,polymarket,structured_event_metadata,First out of Trump Cabinet by end of 2026? (Duplicate),25,unclear,all contracts agree,0,0,1,2026-12-31T00:00:00+00:00,duplicate Will J.D. Vance be the first to leave the Trump Cabinet before 2027? || duplicate Will Lee Zeldin be the first to leave the Trump Cabinet before 2027? || duplicate Will Susie Wiles be the first to leave the Trump Cabinet before 2027? || duplicate Will Howard Lutnick be the first to leave the Trump Cabinet before 2027? || duplicate Will Lori Chavez-DeRemer be the first to leave the Trump Cabinet before 2027?,manual_review,,,,
polymarket_event::74939,polymarket,structured_event_metadata,Will Maduro's rule survive a US military engagement?,1,unclear,all contracts agree,0,0,1,2026-12-31T00:00:00+00:00,Will Maduro's rule survive a US military engagement?,manual_review,,,,
polymarket_event::75605,polymarket,structured_event_metadata,Canada recession before 2027?,1,unclear,all contracts agree,0,0,1,2026-12-31T00:00:00+00:00,Canada recession before 2027?,manual_review,,,,
polymarket_event::78016,polymarket,structured_event_metadata,Based FDV above ___ one day after launch?,11,trigger_relative,all contracts agree,0,0,1,2027-01-01T00:00:00+00:00,Based FDV above $50M one day after launch? || Based FDV above $4B one day after launch? || Based FDV above $3B one day after launch? || Based FDV above $200M one day after launch? || Based FDV above $100M one day after launch?,separate_analysis,,,,
polymarket_event::79048,polymarket,structured_event_metadata,IPOs before 2027?,4,unclear,all contracts agree,0,0,1,2026-12-31T00:00:00+00:00,Once Upon a Farm IPO before 2027? || xAI IPO before 2027? || Cerebras IPO before 2027? || SpaceX (Space Exploration Technologies Corp.) IPO before 2027?,manual_review,,,,
polymarket_event::79103,polymarket,structured_event_metadata,Which artists will release a new song in 2026?,10,deadline_window,all contracts agree,0,0,1,2026-12-31T00:00:00+00:00,Will Charli XCX release a new song in 2026? || Will A$AP Rocky release a new song in 2026? || Will Kanye West release a new song in 2026? || Will Kendrick Lamar release a new song in 2026? || Will BTS release a new song in 2026?,separate_analysis,,,,
polymarket_event::79104,polymarket,structured_event_metadata,How high will 10-year Treasury yield go before 2027?,4,unclear,all contracts agree,0,0,1,2026-12-31T00:00:00+00:00,Will the 10-year Treasury yield hit 4.4% before 2027? || Will the 10-year Treasury yield hit 4.3% before 2027? || Will the 10-year Treasury yield hit 4.5% before 2027? || Will the 10-year Treasury yield hit 4.6% before 2027?,manual_review,,,,
polymarket_event::79123,polymarket,structured_event_metadata,How low will 10-year Treasury yield get before 2027?,1,unclear,all contracts agree,0,0,1,2026-12-31T00:00:00+00:00,Will the 10-year Treasury yield dip below 4.0% before 2027?,manual_review,,,,
polymarket_event::79836,polymarket,structured_event_metadata,Which movie has biggest opening weekend in 2026?,5,deadline_window,all contracts agree,0,0,1,2026-12-31T00:00:00+00:00,Will Wuthering Heights have the best domestic opening weekend in 2026? || Will Project Hail Mary have the best domestic opening weekend in 2026? || Will Scream 7 have the best domestic opening weekend in 2026? || Will Star Wars: The Mandalorian and Grogu have the best domestic opening weekend in 2026? || Will Michael have the best domestic opening weekend in 2026?,separate_analysis,,,,
polymarket_event::79899,polymarket,structured_event_metadata,Paradex FDV above ___ one day after launch?,10,trigger_relative,all contracts agree,0,0,1,2027-01-01T00:00:00+00:00,Paradex FDV above $10B one day after launch? || Paradex FDV above $3B one day after launch? || Paradex FDV above $1.5B one day after launch? || Paradex FDV above $300M one day after launch? || Paradex FDV above $40M one day after launch?,separate_analysis,,,,
polymarket_event::79926,polymarket,structured_event_metadata,How many different countries will Israel strike in 2026?,4,deadline_window,all contracts agree,0,0,1,2026-12-31T00:00:00+00:00,Will Israel strike 2 countries in 2026? || Will Israel strike 1 country in 2026? || Will Israel strike 0 countries in 2026? || Will Israel strike 3 countries in 2026?,separate_analysis,,,,
polymarket_event::79932,polymarket,structured_event_metadata,How many different countries will the US conduct military action against in 2026?,8,deadline_window,all contracts agree,0,0,1,2026-12-31T00:00:00+00:00,Will the US strike 1 country in 2026? || Will the US strike 0 countries in 2026? || Will the US strike 5 countries in 2026? || Will the US strike 4 countries in 2026? || Will the US strike 3 countries in 2026?,separate_analysis,,,,
polymarket_event::80064,polymarket,structured_event_metadata,Will Backpack launch a token by ___ ?,3,deadline_window,all contracts agree,0,0,1,2027-01-01T00:00:00+00:00,"Will Backpack launch a token by December 31? || Will Backpack launch a token by December 31, 2026? || Will Backpack launch a token by March 31?",separate_analysis,,,,
polymarket_event::80066,polymarket,structured_event_metadata,Backpack FDV above ___ one day after launch?,11,trigger_relative,all contracts agree,0,0,1,2027-01-01T00:00:00+00:00,Backpack FDV above $4B one day after launch? || Backpack FDV above $200M one day after launch? || Backpack FDV above $2B one day after launch? || Backpack FDV above $1B one day after launch? || Backpack FDV above $500M one day after launch?,separate_analysis,,,,
polymarket_event::80773,polymarket,structured_event_metadata,How high will inflation get in 2026?,3,deadline_window,all contracts agree,0,0,1,2026-12-31T00:00:00+00:00,Will inflation reach more than 3.5% in 2026? || Will inflation reach more than 3% in 2026? || Will inflation reach more than 4% in 2026?,separate_analysis,,,,
polymarket_event::83173,polymarket,structured_event_metadata,Infinex FDV above ___ one day after launch?,6,trigger_relative,all contracts agree,0,0,1,2027-01-01T00:00:00+00:00,Infinex FDV above $2B one day after launch? || Infinex FDV above $1B one day after launch? || Infinex FDV above $5B one day after launch? || Infinex FDV above $800M one day after launch? || Infinex FDV above $3B one day after launch?,separate_analysis,,,,
polymarket_event::83771,polymarket,structured_event_metadata,Which CEOs will be out before 2027?,1,unclear,all contracts agree,0,0,1,2026-12-31T00:00:00+00:00,Tim Cook out as Apple CEO before 2027?,manual_review,,,,
polymarket_event::83803,polymarket,structured_event_metadata,Next leader out of power before 2027?,22,unclear,all contracts agree,0,0,1,2026-12-31T00:00:00+00:00,Will Sanae Takaichi be the next leader out before 2027? || Will Benjamin Netanyahu be the next leader out before 2027? || Will Nicolás Maduro be the next leader out before 2027? || Will Anthony Albanese be the next leader out before 2027? || Will Friedrich Merz be the next leader out before 2027?,manual_review,,,,
polymarket_event::84018,polymarket,structured_event_metadata,Next CEO of Apple?,4,unclear,all contracts agree,0,0,1,2026-12-31T00:00:00+00:00,Will John Ternus be the next CEO of Apple? || Will Greg Joswiak be the next CEO of Apple? || Will Sabih Khan be the next CEO of Apple? || Will Craig Federighi be the next CEO of Apple?,manual_review,,,,
polymarket_event::84066,polymarket,structured_event_metadata,Will GMGN launch a token by ___ ?,2,deadline_window,all contracts agree,0,0,1,2027-01-01T00:00:00+00:00,"Will GMGN launch a token by December 31, 2025? || Will GMGN launch a token by March 31, 2026?",separate_analysis,,,,
polymarket_event::84622,polymarket,structured_event_metadata,VOOI FDV above ___ one day after launch?,5,trigger_relative,all contracts agree,0,0,1,2027-01-01T00:00:00+00:00,VOOI FDV above $1.5B one day after launch? || VOOI FDV above $800M one day after launch? || VOOI FDV above $1B one day after launch? || VOOI FDV above $500M one day after launch? || VOOI FDV above $2B one day after launch?,separate_analysis,,,,
polymarket_event::84788,polymarket,structured_event_metadata,Aztec FDV above ___ one day after launch?,7,trigger_relative,all contracts agree,0,0,1,2027-01-01T00:00:00+00:00,Aztec FDV above $300M one day after launch? || Aztec FDV above $1.5B one day after launch? || Aztec FDV above $150M one day after launch? || Aztec FDV above $800M one day after launch? || Aztec FDV above $1B one day after launch?,separate_analysis,,,,
polymarket_event::84910,polymarket,structured_event_metadata,Harmonix FDV above ___ one day after launch?,6,trigger_relative,all contracts agree,0,0,1,2027-01-01T00:00:00+00:00,Harmonix FDV above $100M one day after launch? || Harmonix FDV above $50M one day after launch? || Harmonix FDV above $25M one day after launch? || Harmonix FDV above $200M one day after launch? || Harmonix FDV above $15M one day after launch?,separate_analysis,,,,
polymarket_event::84920,polymarket,structured_event_metadata,Will Extended launch a token by ___ ?,2,deadline_window,all contracts agree,0,0,1,2027-01-01T00:00:00+00:00,Will Extended launch a token by December 31 2025? || Will Extended launch a token by March 31 2026?,separate_analysis,,,,
polymarket_event::84921,polymarket,structured_event_metadata,USD.AI FDV above ___ one day after launch?,14,trigger_relative,all contracts agree,0,0,1,2027-01-01T00:00:00+00:00,USD.AI FDV above $400M one day after launch? || USD.AI FDV above $500M one day after launch? || USD.AI FDV above $100M one day after launch? || USD.AI FDV above $3B one day after launch? || USD.AI FDV above $250M one day after launch?,separate_analysis,,,,
polymarket_event::84939,polymarket,structured_event_metadata,Will Arc launch a token by ___ ?,2,deadline_window,all contracts agree,0,0,1,2027-01-01T00:00:00+00:00,Will Arc launch a token by December 31 2025? || Will Arc launch a token by March 31 2026?,separate_analysis,,,,
polymarket_event::84940,polymarket,structured_event_metadata,Ranger FDV above ___ one day after launch?,6,trigger_relative,all contracts agree,0,0,1,2027-01-01T00:00:00+00:00,Ranger FDV above $15M one day after launch? || Ranger FDV above $30M one day after launch? || Ranger FDV above $50M one day after launch? || Ranger FDV above $40M one day after launch? || Ranger FDV above $20M one day after launch?,separate_analysis,,,,
polymarket_event::84945,polymarket,structured_event_metadata,Will Pacifica launch a token by ___ ?,2,deadline_window,all contracts agree,0,0,1,2027-01-01T00:00:00+00:00,Will Pacifica launch a token by December 31 2025? || Will Pacifica launch a token by March 31 2026?,separate_analysis,,,,
polymarket_event::84946,polymarket,structured_event_metadata,Zama FDV above ___ one day after launch?,9,trigger_relative,all contracts agree,0,0,1,2027-01-01T00:00:00+00:00,Zama FDV above $600M one day after launch? || Zama FDV above $300M one day after launch? || Zama FDV above $1B one day after launch? || Zama FDV above $2B one day after launch? || Zama FDV above $800M one day after launch?,separate_analysis,,,,
polymarket_event::84947,polymarket,structured_event_metadata,Sentient FDV above ___ one day after launch?,7,trigger_relative,all contracts agree,0,0,1,2027-01-01T00:00:00+00:00,Sentient FDV above $600M one day after launch? || Sentient FDV above $400M one day after launch? || Sentient FDV above $200M one day after launch? || Sentient FDV above $2B one day after launch? || Sentient FDV above $1.5B one day after launch?,separate_analysis,,,,
polymarket_event::85299,polymarket,structured_event_metadata,AI bubble burst by...?,2,deadline_window,all contracts agree,0,0,1,2026-12-31T00:00:00+00:00,"AI Industry Downturn by December 31, 2025? || AI Industry Downturn by March 31, 2026?",separate_analysis,,,,
polymarket_event::86832,polymarket,structured_event_metadata,Which companies will be acquired before 2027?,3,unclear,all contracts agree,0,0,1,2026-12-31T00:00:00+00:00,"Will Caesars Entertainment, Inc. be acquired before 2027? || Will Cursor be acquired before 2027? || Will Pizza Hut be acquired before 2027?",manual_review,,,,
polymarket_event::87073,polymarket,structured_event_metadata,BLS delays another CPI release before 2027?,1,scheduled_absolute,all contracts agree,0,0,1,2026-12-31T00:00:00+00:00,BLS delays another CPI release before 2027?,manual_review,,,,
polymarket_event::88710,polymarket,structured_event_metadata,Will Kodiak launch a token by ___ ?,5,deadline_window,all contracts agree,0,0,1,2027-01-01T00:00:00+00:00,"Will Kodiak launch a token by September 30, 2026? || Will Kodiak launch a token by June 30, 2026? || Will Kodiak launch a token by March 31, 2026? || Will Kodiak launch a token by December 31, 2026? || Will Kodiak launch a token by December 31, 2025?",separate_analysis,,,,
polymarket_event::89062,polymarket,structured_event_metadata,Will Ventuals launch a token by ___ ?,2,deadline_window,all contracts agree,0,0,1,2027-01-01T00:00:00+00:00,Will Ventuals launch a token by December 31 2025? || Will Ventuals launch a token by March 31 2026?,separate_analysis,,,,
polymarket_event::89175,polymarket,structured_event_metadata,Will Han Duck-soo be sentenced to prison before 2027?,1,unclear,all contracts agree,0,0,1,2026-12-31T00:00:00+00:00,Will Han Duck-soo be sentenced to prison before 2027?,manual_review,,,,
polymarket_event::89502,polymarket,structured_event_metadata,What price will Bitcoin hit in 2026?,7,deadline_window,all contracts agree,0,0,1,2027-01-01T00:00:00+00:00,"Will Bitcoin reach $70,000 by December 31, 2026? || Will Bitcoin reach $75,000 by December 31, 2026? || Will Bitcoin dip to $60,000 by December 31, 2026? || Will Bitcoin dip to $75,000 by December 31, 2026? || Will Bitcoin reach $80,000 by December 31, 2026?",separate_analysis,,,,
polymarket_event::89519,polymarket,structured_event_metadata,What price will Ethereum hit in 2026?,3,deadline_window,all contracts agree,0,0,1,2027-01-01T00:00:00+00:00,"Will Ethereum dip to $2,500 by December 31, 2026? || Will Ethereum dip to $2,000 by December 31, 2026? || Will Ethereum reach $1,750 by December 31, 2026?",separate_analysis,,,,
polymarket_event::89525,polymarket,structured_event_metadata,What price will Solana hit in 2026?,3,deadline_window,all contracts agree,0,0,1,2027-01-01T00:00:00+00:00,"Will Solana dip to $100 by December 31, 2026? || Will Solana dip to $80 by December 31, 2026? || Will Solana reach $70 by December 31, 2026?",separate_analysis,,,,
polymarket_event::89530,polymarket,structured_event_metadata,What price will XRP hit in 2026?,4,deadline_window,all contracts agree,0,0,1,2027-01-01T00:00:00+00:00,"Will XRP dip to $1.60 by December 31, 2026? || Will XRP dip to $1.20 by December 31, 2026? || Will XRP reach $2.40 by December 31, 2026? || Will XRP dip to $1.40 by December 31, 2026?",separate_analysis,,,,
polymarket_event::89554,polymarket,structured_event_metadata,What price will Dogecoin hit in 2026?,1,deadline_window,all contracts agree,0,0,1,2027-01-01T00:00:00+00:00,"Will Dogecoin dip to $0.10 by December 31, 2026?",separate_analysis,,,,
polymarket_event::89559,polymarket,structured_event_metadata,What price will Hyperliquid hit in 2026?,12,deadline_window,all contracts agree,0,0,1,2027-01-01T00:00:00+00:00,"Will Hyperliquid reach $38 by December 31, 2026? || Will Hyperliquid reach $42 by December 31, 2026? || Will Hyperliquid reach $66 by December 31, 2026? || Will Hyperliquid reach $46 by December 31, 2026? || Will Hyperliquid reach $58 by December 31, 2026?",separate_analysis,,,,
polymarket_event::89572,polymarket,structured_event_metadata,What price will BNB hit in 2026?,3,deadline_window,all contracts agree,0,0,1,2027-01-01T00:00:00+00:00,"Will BNB dip to $700 by December 31, 2026? || Will BNB dip to $800 by December 31, 2026? || Will BNB dip to $600 by December 31, 2026?",separate_analysis,,,,
polymarket_event::89582,polymarket,structured_event_metadata,What price will Chainlink hit in 2026?,2,deadline_window,all contracts agree,0,0,1,2027-01-01T00:00:00+00:00,"Will Chainlink dip to $8 by December 31, 2026? || Will Chainlink dip to $10 by December 31, 2026?",separate_analysis,,,,
polymarket_event::89583,polymarket,structured_event_metadata,What price will Zcash hit in 2026?,3,deadline_window,all contracts agree,0,0,1,2027-01-01T00:00:00+00:00,"Will Zcash dip to $200 by December 31, 2026? || Will Zcash dip to $300 by December 31, 2026? || Will Zcash reach $600 by December 31, 2026?",separate_analysis,,,,
polymarket_event::89588,polymarket,structured_event_metadata,What price will Pump.fun hit in 2026?,2,deadline_window,all contracts agree,0,0,1,2027-01-01T00:00:00+00:00,"Will Pump.fun dip to $0.0018 by December 31, 2026? || Will Pump.fun dip to $0.0014 by December 31, 2026?",separate_analysis,,,,
polymarket_event::89597,polymarket,structured_event_metadata,What price will Aster hit in 2026?,1,deadline_window,all contracts agree,0,0,1,2027-01-01T00:00:00+00:00,"Will Aster dip to $0.60 by December 31, 2026?",separate_analysis,,,,
polymarket_event::89603,polymarket,structured_event_metadata,What price will Uniswap hit in 2026?,3,deadline_window,all contracts agree,0,0,1,2027-01-01T00:00:00+00:00,"Will UNI dip to $3.00 by December 31, 2026? || Will UNI reach $6.50 by December 31, 2026? || Will UNI dip to $4.50 by December 31, 2026?",separate_analysis,,,,
polymarket_event::90177,polymarket,structured_event_metadata,Will the US confirm that aliens exist by...?,1,deadline_window,all contracts agree,0,0,1,2026-12-31T00:00:00+00:00,Will the US confirm that aliens exist by March 31?,separate_analysis,,,,
polymarket_event::90366,polymarket,structured_event_metadata,Will Tempo launch a token by ___ ?,2,deadline_window,all contracts agree,0,0,1,2027-01-01T00:00:00+00:00,"Will Tempo launch a token by March 31, 2026? || Will Tempo launch a token by December 31, 2025?",separate_analysis,,,,
polymarket_event::91275,polymarket,structured_event_metadata,Will Fogo launch a token by ___ ?,5,deadline_window,all contracts agree,0,0,1,2027-01-01T00:00:00+00:00,Will Fogo launch a token by June 30 2026? || Will Fogo launch a token by December 31 2026? || Will Fogo launch a token by March 31 2026? || Will Fogo launch a token by December 31 2025? || Will Fogo launch a token by September 30 2026?,separate_analysis,,,,
polymarket_event::91280,polymarket,structured_event_metadata,Will Theo launch a token by ___ ?,2,deadline_window,all contracts agree,0,0,1,2027-01-01T00:00:00+00:00,Will Theo launch a token by December 31 2025? || Will Theo launch a token by March 31 2026?,separate_analysis,,,,
polymarket_event::91919,polymarket,structured_event_metadata,Fogo FDV above ___ one day after launch?,6,trigger_relative,all contracts agree,0,0,1,2027-01-01T00:00:00+00:00,Fogo FDV above $1B one day after launch? || Fogo FDV above $300M one day after launch? || Fogo FDV above $500M one day after launch? || Fogo FDV above $700M one day after launch? || Fogo FDV above $2B one day after launch?,separate_analysis,,,,
polymarket_event::91942,polymarket,structured_event_metadata,Measles cases in U.S. in 2026?,3,deadline_window,all contracts agree,0,0,1,2026-12-31T00:00:00+00:00,Will there be at least 500 measles cases in the U.S. in 2026? || Will there be at least 1000 measles cases in the U.S. in 2026? || Will there be at least 2000 measles cases in the U.S. in 2026?,separate_analysis,,,,
polymarket_event::92611,polymarket,structured_event_metadata,Which states will Donald Trump visit in 2026?,19,deadline_window,all contracts agree,0,0,1,2026-12-31T00:00:00+00:00,Will Donald Trump visit Ohio in 2026? || Will Donald Trump visit Michigan in 2026? || Will Donald Trump visit Iowa in 2026? || Will Donald Trump visit Maryland in 2026? || Will Donald Trump visit Florida in 2026?,separate_analysis,,,,
polymarket_event::92975,polymarket,structured_event_metadata,Will fomo.family launch a token by ___ ?,2,deadline_window,all contracts agree,0,0,1,2027-01-01T00:00:00+00:00,Will Fomo launch a token by December 31 2025? || Will Fomo launch a token by March 31 2026?,separate_analysis,,,,
polymarket_event::95091,polymarket,structured_event_metadata,Will Paradex launch a token by ___?,8,deadline_window,all contracts agree,0,0,1,2027-01-01T00:00:00+00:00,"Will Paradex launch a token by March 31 2026? || Will Paradex launch a token by June 30 2026? || Will Paradex launch a token by May 31, 2026? || Will Paradex launch a token by September 30 2026? || Will Paradex launch a token by April 30 2026?",separate_analysis,,,,
polymarket_event::95127,polymarket,structured_event_metadata,Yoon Suk Yeol Insurrection Case Prison Time?,7,unclear,all contracts agree,0,0,1,2026-12-31T00:00:00+00:00,Will Yoon Suk Yeol be sentenced to 5–10 years in prison? || Will Yoon Suk Yeol be sentenced to less than 5 years in prison? || Will Yoon Suk Yeol be sentenced to 15–20 years in prison? || Will Yoon Suk Yeol be sentenced to 20–30 years in prison? || Will Yoon Suk Yeol be sentenced to at least 30 years in prison?,manual_review,,,,
polymarket_event::98133,polymarket,structured_event_metadata,Elon Musk trillionaire before 2027?,1,unclear,all contracts agree,0,0,1,2026-12-31T00:00:00+00:00,Elon Musk trillionaire before 2027?,manual_review,,,,
polymarket_event::98230,polymarket,structured_event_metadata,Who will be the first to leave the Trump Cabinet?,26,unclear,all contracts agree,0,0,1,2026-12-31T00:00:00+00:00,Will Mike Waltz be the first to leave the Trump Cabinet before 2027? || Will Kelly Loeffler be the first to leave the Trump Cabinet before 2027? || Will Lee Zeldin be the first to leave the Trump Cabinet before 2027? || Will Brooke Rollins be the first to leave the Trump Cabinet before 2027? || Will Scott Bessent be the first to leave the Trump Cabinet before 2027?,manual_review,,,,
polymarket_event::98374,polymarket,structured_event_metadata,SpaceX IPO Closing Market Cap (Lowest Strikes),8,unclear,majority rule: 7/8 contracts,0,0,1,2027-12-31T00:00:00+00:00,"Will SpaceX not IPO by December 31, 2027? || Will SpaceX's market cap be less than $500B at market close on IPO day? || Will SpaceX's market cap be between $900B and $1T at market close on IPO day? || Will SpaceX's market cap be between $700B and $800B at market close on IPO day? || Will SpaceX's market cap be between $600B and $700B at market close on IPO day?",manual_review,,,,
polymarket_event::99583,polymarket,structured_event_metadata,Will Netflix close Warner Bros. acquisition by end of 2026?,1,deadline_window,all contracts agree,0,0,1,2026-12-31T00:00:00+00:00,Will Netflix close Warner Bros. acquisition by end of 2026?  ,separate_analysis,,,,
